"Date","Open","High","Low","Close"
"Wed Aug 21 2024 09:15:00 GMT+0530 (India Standard Time)","77.10","82.35","77.00","81.65"
"Wed Aug 21 2024 09:20:00 GMT+0530 (India Standard Time)","81.65","84.60","81.50","83.05"
"Wed Aug 21 2024 09:25:00 GMT+0530 (India Standard Time)","83.05","83.45","81.60","83.00"
"Wed Aug 21 2024 09:30:00 GMT+0530 (India Standard Time)","83.00","85.00","82.00","85.00"
"Wed Aug 21 2024 09:35:00 GMT+0530 (India Standard Time)","85.20","85.80","84.50","85.70"
"Wed Aug 21 2024 09:40:00 GMT+0530 (India Standard Time)","85.70","88.95","84.65","88.80"
"Wed Aug 21 2024 09:45:00 GMT+0530 (India Standard Time)","88.80","90.90","88.35","89.05"
"Wed Aug 21 2024 09:50:00 GMT+0530 (India Standard Time)","89.20","90.10","87.00","88.15"
"Wed Aug 21 2024 09:55:00 GMT+0530 (India Standard Time)","88.15","89.00","87.00","89.00"
"Wed Aug 21 2024 10:00:00 GMT+0530 (India Standard Time)","89.00","92.50","89.00","91.75"
"Wed Aug 21 2024 10:05:00 GMT+0530 (India Standard Time)","91.75","95.35","91.75","95.35"
"Wed Aug 21 2024 10:10:00 GMT+0530 (India Standard Time)","94.45","95.35","93.30","95.10"
"Wed Aug 21 2024 10:15:00 GMT+0530 (India Standard Time)","95.10","97.60","95.05","95.95"
"Wed Aug 21 2024 10:20:00 GMT+0530 (India Standard Time)","95.95","97.80","95.00","97.00"
"Wed Aug 21 2024 10:25:00 GMT+0530 (India Standard Time)","97.00","98.90","97.00","97.95"
"Wed Aug 21 2024 10:30:00 GMT+0530 (India Standard Time)","97.95","98.70","95.10","95.10"
"Wed Aug 21 2024 10:35:00 GMT+0530 (India Standard Time)","95.10","95.40","92.20","93.50"
"Wed Aug 21 2024 10:40:00 GMT+0530 (India Standard Time)","93.50","95.80","93.30","95.00"
"Wed Aug 21 2024 10:45:00 GMT+0530 (India Standard Time)","95.00","96.50","95.00","96.25"
"Wed Aug 21 2024 10:50:00 GMT+0530 (India Standard Time)","96.25","96.25","94.25","94.25"
"Wed Aug 21 2024 10:55:00 GMT+0530 (India Standard Time)","94.25","95.00","94.25","94.25"
"Wed Aug 21 2024 11:00:00 GMT+0530 (India Standard Time)","94.25","94.95","93.45","94.00"
"Wed Aug 21 2024 11:05:00 GMT+0530 (India Standard Time)","94.00","94.25","91.00","91.40"
"Wed Aug 21 2024 11:10:00 GMT+0530 (India Standard Time)","91.50","92.75","91.00","92.75"
"Wed Aug 21 2024 11:15:00 GMT+0530 (India Standard Time)","92.75","92.75","91.00","91.20"
"Wed Aug 21 2024 11:20:00 GMT+0530 (India Standard Time)","91.20","91.50","90.80","91.50"
"Wed Aug 21 2024 11:25:00 GMT+0530 (India Standard Time)","91.50","92.40","91.50","92.10"
"Wed Aug 21 2024 11:30:00 GMT+0530 (India Standard Time)","92.20","92.20","90.60","90.60"
"Wed Aug 21 2024 11:35:00 GMT+0530 (India Standard Time)","90.00","91.10","89.55","90.00"
"Wed Aug 21 2024 11:40:00 GMT+0530 (India Standard Time)","90.00","90.50","89.50","89.50"
"Wed Aug 21 2024 11:45:00 GMT+0530 (India Standard Time)","89.50","92.25","89.50","92.25"
"Wed Aug 21 2024 11:50:00 GMT+0530 (India Standard Time)","92.25","92.25","91.00","91.20"
"Wed Aug 21 2024 11:55:00 GMT+0530 (India Standard Time)","91.20","91.20","89.00","90.60"
"Wed Aug 21 2024 12:00:00 GMT+0530 (India Standard Time)","90.60","92.00","90.60","92.00"
"Wed Aug 21 2024 12:05:00 GMT+0530 (India Standard Time)","92.00","92.00","91.70","92.00"
"Wed Aug 21 2024 12:10:00 GMT+0530 (India Standard Time)","92.00","92.15","91.00","91.55"
"Wed Aug 21 2024 12:15:00 GMT+0530 (India Standard Time)","91.55","91.65","91.00","91.00"
"Wed Aug 21 2024 12:20:00 GMT+0530 (India Standard Time)","91.00","91.00","90.15","90.80"
"Wed Aug 21 2024 12:25:00 GMT+0530 (India Standard Time)","90.95","91.25","90.35","91.25"
"Wed Aug 21 2024 12:30:00 GMT+0530 (India Standard Time)","91.25","91.25","90.35","90.70"
"Wed Aug 21 2024 12:35:00 GMT+0530 (India Standard Time)","90.70","90.70","90.30","90.30"
"Wed Aug 21 2024 12:40:00 GMT+0530 (India Standard Time)","90.30","91.00","90.10","91.00"
"Wed Aug 21 2024 12:45:00 GMT+0530 (India Standard Time)","91.00","91.80","91.00","91.80"
"Wed Aug 21 2024 12:50:00 GMT+0530 (India Standard Time)","91.80","92.00","91.80","91.95"
"Wed Aug 21 2024 12:55:00 GMT+0530 (India Standard Time)","91.95","91.95","91.35","91.35"
"Wed Aug 21 2024 13:00:00 GMT+0530 (India Standard Time)","91.35","92.20","91.35","91.65"
"Wed Aug 21 2024 13:05:00 GMT+0530 (India Standard Time)","91.65","91.65","90.85","91.05"
"Wed Aug 21 2024 13:10:00 GMT+0530 (India Standard Time)","91.05","91.05","90.25","90.25"
"Wed Aug 21 2024 13:15:00 GMT+0530 (India Standard Time)","90.25","90.25","87.75","88.30"
"Wed Aug 21 2024 13:20:00 GMT+0530 (India Standard Time)","88.30","88.50","88.00","88.50"
"Wed Aug 21 2024 13:25:00 GMT+0530 (India Standard Time)","88.50","89.80","88.50","89.80"
"Wed Aug 21 2024 13:30:00 GMT+0530 (India Standard Time)","89.80","90.90","89.60","90.65"
"Wed Aug 21 2024 13:35:00 GMT+0530 (India Standard Time)","90.65","92.00","90.65","91.85"
"Wed Aug 21 2024 13:40:00 GMT+0530 (India Standard Time)","92.40","93.30","92.40","92.75"
"Wed Aug 21 2024 13:45:00 GMT+0530 (India Standard Time)","92.75","93.50","92.50","93.50"
"Wed Aug 21 2024 13:50:00 GMT+0530 (India Standard Time)","93.25","93.50","93.00","93.25"
"Wed Aug 21 2024 13:55:00 GMT+0530 (India Standard Time)","93.25","94.20","92.80","93.15"
"Wed Aug 21 2024 14:00:00 GMT+0530 (India Standard Time)","93.15","93.30","92.80","92.80"
"Wed Aug 21 2024 14:05:00 GMT+0530 (India Standard Time)","92.80","93.00","92.50","92.55"
"Wed Aug 21 2024 14:10:00 GMT+0530 (India Standard Time)","92.55","92.70","92.25","92.25"
"Wed Aug 21 2024 14:15:00 GMT+0530 (India Standard Time)","92.25","92.70","92.00","92.00"
"Wed Aug 21 2024 14:20:00 GMT+0530 (India Standard Time)","92.00","93.75","91.90","93.75"
"Wed Aug 21 2024 14:25:00 GMT+0530 (India Standard Time)","93.75","94.00","92.70","93.00"
"Wed Aug 21 2024 14:30:00 GMT+0530 (India Standard Time)","93.00","93.00","91.50","91.50"
"Wed Aug 21 2024 14:35:00 GMT+0530 (India Standard Time)","91.10","91.10","89.75","90.90"
"Wed Aug 21 2024 14:40:00 GMT+0530 (India Standard Time)","90.90","91.00","89.85","89.90"
"Wed Aug 21 2024 14:45:00 GMT+0530 (India Standard Time)","89.60","90.00","89.60","90.00"
"Wed Aug 21 2024 14:50:00 GMT+0530 (India Standard Time)","90.00","90.00","89.20","89.20"
"Wed Aug 21 2024 14:55:00 GMT+0530 (India Standard Time)","89.20","89.60","89.00","89.00"
"Wed Aug 21 2024 15:00:00 GMT+0530 (India Standard Time)","89.00","90.50","89.00","89.70"
"Wed Aug 21 2024 15:05:00 GMT+0530 (India Standard Time)","89.70","89.70","88.95","89.00"
"Wed Aug 21 2024 15:10:00 GMT+0530 (India Standard Time)","88.90","88.90","86.60","87.15"
"Wed Aug 21 2024 15:15:00 GMT+0530 (India Standard Time)","87.15","87.35","86.70","87.30"
"Wed Aug 21 2024 15:20:00 GMT+0530 (India Standard Time)","86.85","89.25","86.80","89.25"
"Wed Aug 21 2024 15:25:00 GMT+0530 (India Standard Time)","89.25","89.55","88.50","89.00"
"Thu Aug 22 2024 09:15:00 GMT+0530 (India Standard Time)","89.60","91.90","88.50","91.40"
"Thu Aug 22 2024 09:20:00 GMT+0530 (India Standard Time)","91.40","91.80","89.45","89.45"
"Thu Aug 22 2024 09:25:00 GMT+0530 (India Standard Time)","89.50","89.65","88.55","89.05"
"Thu Aug 22 2024 09:30:00 GMT+0530 (India Standard Time)","89.05","90.00","88.20","88.20"
"Thu Aug 22 2024 09:35:00 GMT+0530 (India Standard Time)","88.60","88.60","87.20","87.50"
"Thu Aug 22 2024 09:40:00 GMT+0530 (India Standard Time)","87.50","88.00","87.20","87.40"
"Thu Aug 22 2024 09:45:00 GMT+0530 (India Standard Time)","87.40","87.75","83.80","83.80"
"Thu Aug 22 2024 09:50:00 GMT+0530 (India Standard Time)","84.20","84.85","82.70","83.05"
"Thu Aug 22 2024 09:55:00 GMT+0530 (India Standard Time)","83.05","84.00","82.00","83.80"
"Thu Aug 22 2024 10:00:00 GMT+0530 (India Standard Time)","83.80","84.55","83.00","83.10"
"Thu Aug 22 2024 10:05:00 GMT+0530 (India Standard Time)","83.10","83.10","82.40","82.50"
"Thu Aug 22 2024 10:10:00 GMT+0530 (India Standard Time)","82.05","82.05","80.55","81.30"
"Thu Aug 22 2024 10:15:00 GMT+0530 (India Standard Time)","81.00","81.00","78.35","80.40"
"Thu Aug 22 2024 10:20:00 GMT+0530 (India Standard Time)","80.15","80.40","79.60","79.95"
"Thu Aug 22 2024 10:25:00 GMT+0530 (India Standard Time)","79.95","80.25","79.55","79.55"
"Thu Aug 22 2024 10:30:00 GMT+0530 (India Standard Time)","79.55","80.50","79.00","80.50"
"Thu Aug 22 2024 10:35:00 GMT+0530 (India Standard Time)","80.50","82.20","80.50","81.85"
"Thu Aug 22 2024 10:40:00 GMT+0530 (India Standard Time)","82.00","83.85","81.90","82.90"
"Thu Aug 22 2024 10:45:00 GMT+0530 (India Standard Time)","82.90","84.65","82.90","84.15"
"Thu Aug 22 2024 10:50:00 GMT+0530 (India Standard Time)","84.15","84.15","83.35","83.85"
"Thu Aug 22 2024 10:55:00 GMT+0530 (India Standard Time)","83.85","83.85","83.50","83.75"
"Thu Aug 22 2024 11:00:00 GMT+0530 (India Standard Time)","83.75","84.00","81.75","82.60"
"Thu Aug 22 2024 11:05:00 GMT+0530 (India Standard Time)","82.60","83.70","82.20","83.70"
"Thu Aug 22 2024 11:10:00 GMT+0530 (India Standard Time)","83.70","84.75","83.70","84.40"
"Thu Aug 22 2024 11:15:00 GMT+0530 (India Standard Time)","84.40","85.65","84.00","85.35"
"Thu Aug 22 2024 11:20:00 GMT+0530 (India Standard Time)","85.35","85.35","84.00","84.00"
"Thu Aug 22 2024 11:25:00 GMT+0530 (India Standard Time)","84.30","84.65","83.50","83.80"
"Thu Aug 22 2024 11:30:00 GMT+0530 (India Standard Time)","83.80","83.80","83.10","83.20"
"Thu Aug 22 2024 11:35:00 GMT+0530 (India Standard Time)","83.20","83.65","83.10","83.40"
"Thu Aug 22 2024 11:40:00 GMT+0530 (India Standard Time)","83.40","84.55","83.40","84.10"
"Thu Aug 22 2024 11:45:00 GMT+0530 (India Standard Time)","84.00","84.20","83.80","83.80"
"Thu Aug 22 2024 11:50:00 GMT+0530 (India Standard Time)","83.80","84.40","83.55","83.60"
"Thu Aug 22 2024 11:55:00 GMT+0530 (India Standard Time)","83.60","84.00","83.50","83.75"
"Thu Aug 22 2024 12:00:00 GMT+0530 (India Standard Time)","84.40","85.45","84.40","85.45"
"Thu Aug 22 2024 12:05:00 GMT+0530 (India Standard Time)","85.45","87.00","85.45","85.95"
"Thu Aug 22 2024 12:10:00 GMT+0530 (India Standard Time)","85.95","86.50","85.95","86.35"
"Thu Aug 22 2024 12:15:00 GMT+0530 (India Standard Time)","86.35","86.45","86.00","86.05"
"Thu Aug 22 2024 12:20:00 GMT+0530 (India Standard Time)","86.20","86.50","85.70","86.00"
"Thu Aug 22 2024 12:25:00 GMT+0530 (India Standard Time)","86.00","86.00","85.35","85.40"
"Thu Aug 22 2024 12:30:00 GMT+0530 (India Standard Time)","85.40","85.55","85.30","85.30"
"Thu Aug 22 2024 12:35:00 GMT+0530 (India Standard Time)","85.30","85.80","84.55","84.55"
"Thu Aug 22 2024 12:40:00 GMT+0530 (India Standard Time)","84.55","85.00","84.00","84.55"
"Thu Aug 22 2024 12:45:00 GMT+0530 (India Standard Time)","84.55","84.70","84.50","84.50"
"Thu Aug 22 2024 12:50:00 GMT+0530 (India Standard Time)","84.50","84.50","83.50","83.70"
"Thu Aug 22 2024 12:55:00 GMT+0530 (India Standard Time)","83.70","84.10","83.55","84.10"
"Thu Aug 22 2024 13:00:00 GMT+0530 (India Standard Time)","83.75","84.90","83.75","84.60"
"Thu Aug 22 2024 13:05:00 GMT+0530 (India Standard Time)","84.60","85.05","84.20","84.50"
"Thu Aug 22 2024 13:10:00 GMT+0530 (India Standard Time)","84.50","84.50","84.35","84.40"
"Thu Aug 22 2024 13:15:00 GMT+0530 (India Standard Time)","84.40","86.55","84.40","86.45"
"Thu Aug 22 2024 13:20:00 GMT+0530 (India Standard Time)","86.60","87.00","86.50","87.00"
"Thu Aug 22 2024 13:25:00 GMT+0530 (India Standard Time)","87.05","87.80","87.00","87.50"
"Thu Aug 22 2024 13:30:00 GMT+0530 (India Standard Time)","87.55","88.80","87.20","87.25"
"Thu Aug 22 2024 13:35:00 GMT+0530 (India Standard Time)","87.25","88.50","87.00","88.50"
"Thu Aug 22 2024 13:40:00 GMT+0530 (India Standard Time)","88.40","88.85","88.15","88.85"
"Thu Aug 22 2024 13:45:00 GMT+0530 (India Standard Time)","88.85","89.90","88.65","89.50"
"Thu Aug 22 2024 13:50:00 GMT+0530 (India Standard Time)","89.50","90.00","88.55","88.75"
"Thu Aug 22 2024 13:55:00 GMT+0530 (India Standard Time)","88.75","88.90","88.45","88.85"
"Thu Aug 22 2024 14:00:00 GMT+0530 (India Standard Time)","88.85","89.00","87.60","87.60"
"Thu Aug 22 2024 14:05:00 GMT+0530 (India Standard Time)","87.60","87.70","87.10","87.20"
"Thu Aug 22 2024 14:10:00 GMT+0530 (India Standard Time)","87.20","87.20","86.00","86.50"
"Thu Aug 22 2024 14:15:00 GMT+0530 (India Standard Time)","86.50","86.90","86.40","86.40"
"Thu Aug 22 2024 14:20:00 GMT+0530 (India Standard Time)","86.40","86.75","86.40","86.75"
"Thu Aug 22 2024 14:25:00 GMT+0530 (India Standard Time)","86.90","87.25","86.50","87.25"
"Thu Aug 22 2024 14:30:00 GMT+0530 (India Standard Time)","87.25","87.25","86.30","86.85"
"Thu Aug 22 2024 14:35:00 GMT+0530 (India Standard Time)","86.85","87.00","84.65","85.20"
"Thu Aug 22 2024 14:40:00 GMT+0530 (India Standard Time)","85.15","86.10","84.65","84.65"
"Thu Aug 22 2024 14:45:00 GMT+0530 (India Standard Time)","84.65","85.35","84.55","84.95"
"Thu Aug 22 2024 14:50:00 GMT+0530 (India Standard Time)","84.95","86.00","84.50","86.00"
"Thu Aug 22 2024 14:55:00 GMT+0530 (India Standard Time)","85.60","86.20","85.60","86.20"
"Thu Aug 22 2024 15:00:00 GMT+0530 (India Standard Time)","86.50","87.40","85.10","86.90"
"Thu Aug 22 2024 15:05:00 GMT+0530 (India Standard Time)","86.90","88.20","85.70","85.75"
"Thu Aug 22 2024 15:10:00 GMT+0530 (India Standard Time)","85.75","86.00","85.20","85.60"
"Thu Aug 22 2024 15:15:00 GMT+0530 (India Standard Time)","85.35","85.50","84.55","84.85"
"Thu Aug 22 2024 15:20:00 GMT+0530 (India Standard Time)","84.85","85.65","84.85","85.00"
"Thu Aug 22 2024 15:25:00 GMT+0530 (India Standard Time)","85.00","85.60","84.85","85.00"
"Fri Aug 23 2024 09:15:00 GMT+0530 (India Standard Time)","92.00","100.00","88.40","98.60"
"Fri Aug 23 2024 09:20:00 GMT+0530 (India Standard Time)","99.55","102.15","99.15","99.80"
"Fri Aug 23 2024 09:25:00 GMT+0530 (India Standard Time)","99.80","101.15","97.05","98.95"
"Fri Aug 23 2024 09:30:00 GMT+0530 (India Standard Time)","98.05","98.40","95.80","97.00"
"Fri Aug 23 2024 09:35:00 GMT+0530 (India Standard Time)","97.00","99.55","95.00","96.00"
"Fri Aug 23 2024 09:40:00 GMT+0530 (India Standard Time)","96.00","99.00","96.00","97.20"
"Fri Aug 23 2024 09:45:00 GMT+0530 (India Standard Time)","97.20","97.65","95.75","97.00"
"Fri Aug 23 2024 09:50:00 GMT+0530 (India Standard Time)","97.00","99.30","96.25","98.80"
"Fri Aug 23 2024 09:55:00 GMT+0530 (India Standard Time)","98.50","100.00","97.80","98.45"
"Fri Aug 23 2024 10:00:00 GMT+0530 (India Standard Time)","98.45","98.45","96.65","97.60"
"Fri Aug 23 2024 10:05:00 GMT+0530 (India Standard Time)","97.60","98.95","97.00","97.45"
"Fri Aug 23 2024 10:10:00 GMT+0530 (India Standard Time)","97.40","97.50","96.65","96.95"
"Fri Aug 23 2024 10:15:00 GMT+0530 (India Standard Time)","96.90","97.75","96.50","96.80"
"Fri Aug 23 2024 10:20:00 GMT+0530 (India Standard Time)","96.80","97.35","96.50","96.60"
"Fri Aug 23 2024 10:25:00 GMT+0530 (India Standard Time)","96.60","97.20","95.60","97.20"
"Fri Aug 23 2024 10:30:00 GMT+0530 (India Standard Time)","97.20","97.20","96.25","96.90"
"Fri Aug 23 2024 10:35:00 GMT+0530 (India Standard Time)","96.90","96.90","94.20","95.45"
"Fri Aug 23 2024 10:40:00 GMT+0530 (India Standard Time)","95.45","95.60","94.50","95.25"
"Fri Aug 23 2024 10:45:00 GMT+0530 (India Standard Time)","95.25","97.20","95.00","96.45"
"Fri Aug 23 2024 10:50:00 GMT+0530 (India Standard Time)","96.45","97.20","95.20","95.30"
"Fri Aug 23 2024 10:55:00 GMT+0530 (India Standard Time)","94.90","95.60","94.30","94.30"
"Fri Aug 23 2024 11:00:00 GMT+0530 (India Standard Time)","94.30","94.40","93.25","93.95"
"Fri Aug 23 2024 11:05:00 GMT+0530 (India Standard Time)","93.95","94.15","93.40","93.60"
"Fri Aug 23 2024 11:10:00 GMT+0530 (India Standard Time)","93.60","93.65","91.50","91.50"
"Fri Aug 23 2024 11:15:00 GMT+0530 (India Standard Time)","91.60","92.90","91.60","91.75"
"Fri Aug 23 2024 11:20:00 GMT+0530 (India Standard Time)","91.75","93.80","91.25","93.40"
"Fri Aug 23 2024 11:25:00 GMT+0530 (India Standard Time)","93.20","93.50","92.15","92.50"
"Fri Aug 23 2024 11:30:00 GMT+0530 (India Standard Time)","92.35","92.55","91.85","92.30"
"Fri Aug 23 2024 11:35:00 GMT+0530 (India Standard Time)","92.30","92.65","91.60","91.60"
"Fri Aug 23 2024 11:40:00 GMT+0530 (India Standard Time)","91.60","91.80","90.40","91.80"
"Fri Aug 23 2024 11:45:00 GMT+0530 (India Standard Time)","91.40","91.70","90.35","90.45"
"Fri Aug 23 2024 11:50:00 GMT+0530 (India Standard Time)","90.45","90.75","89.25","89.50"
"Fri Aug 23 2024 11:55:00 GMT+0530 (India Standard Time)","89.50","90.60","89.50","90.30"
"Fri Aug 23 2024 12:00:00 GMT+0530 (India Standard Time)","90.45","92.00","90.25","91.75"
"Fri Aug 23 2024 12:05:00 GMT+0530 (India Standard Time)","91.75","92.90","91.75","92.50"
"Fri Aug 23 2024 12:10:00 GMT+0530 (India Standard Time)","92.50","93.70","92.50","93.60"
"Fri Aug 23 2024 12:15:00 GMT+0530 (India Standard Time)","93.60","93.70","93.00","93.10"
"Fri Aug 23 2024 12:20:00 GMT+0530 (India Standard Time)","93.10","94.50","93.00","94.25"
"Fri Aug 23 2024 12:25:00 GMT+0530 (India Standard Time)","94.25","94.50","93.30","93.50"
"Fri Aug 23 2024 12:30:00 GMT+0530 (India Standard Time)","93.80","94.20","93.80","94.00"
"Fri Aug 23 2024 12:35:00 GMT+0530 (India Standard Time)","94.00","94.50","93.90","94.50"
"Fri Aug 23 2024 12:40:00 GMT+0530 (India Standard Time)","94.45","94.55","93.35","93.35"
"Fri Aug 23 2024 12:45:00 GMT+0530 (India Standard Time)","93.35","93.85","92.20","92.20"
"Fri Aug 23 2024 12:50:00 GMT+0530 (India Standard Time)","92.20","92.40","91.45","92.00"
"Fri Aug 23 2024 12:55:00 GMT+0530 (India Standard Time)","92.00","93.10","92.00","93.00"
"Fri Aug 23 2024 13:00:00 GMT+0530 (India Standard Time)","93.00","93.45","91.85","91.85"
"Fri Aug 23 2024 13:05:00 GMT+0530 (India Standard Time)","91.85","91.85","90.80","91.35"
"Fri Aug 23 2024 13:10:00 GMT+0530 (India Standard Time)","91.35","91.35","89.50","89.85"
"Fri Aug 23 2024 13:15:00 GMT+0530 (India Standard Time)","89.85","91.30","89.50","90.80"
"Fri Aug 23 2024 13:20:00 GMT+0530 (India Standard Time)","90.65","91.90","90.65","90.95"
"Fri Aug 23 2024 13:25:00 GMT+0530 (India Standard Time)","90.95","92.00","90.65","90.70"
"Fri Aug 23 2024 13:30:00 GMT+0530 (India Standard Time)","90.70","91.10","90.50","90.55"
"Fri Aug 23 2024 13:35:00 GMT+0530 (India Standard Time)","90.55","91.65","90.55","90.90"
"Fri Aug 23 2024 13:40:00 GMT+0530 (India Standard Time)","90.65","91.60","90.50","91.15"
"Fri Aug 23 2024 13:45:00 GMT+0530 (India Standard Time)","91.15","91.20","90.90","91.20"
"Fri Aug 23 2024 13:50:00 GMT+0530 (India Standard Time)","91.20","92.00","90.75","92.00"
"Fri Aug 23 2024 13:55:00 GMT+0530 (India Standard Time)","91.80","91.90","91.00","91.50"
"Fri Aug 23 2024 14:00:00 GMT+0530 (India Standard Time)","91.50","91.95","90.80","91.90"
"Fri Aug 23 2024 14:05:00 GMT+0530 (India Standard Time)","91.90","93.30","91.90","93.05"
"Fri Aug 23 2024 14:10:00 GMT+0530 (India Standard Time)","93.05","93.20","91.65","91.65"
"Fri Aug 23 2024 14:15:00 GMT+0530 (India Standard Time)","91.50","93.00","91.50","92.50"
"Fri Aug 23 2024 14:20:00 GMT+0530 (India Standard Time)","92.50","92.75","92.00","92.40"
"Fri Aug 23 2024 14:25:00 GMT+0530 (India Standard Time)","92.65","92.75","91.50","91.50"
"Fri Aug 23 2024 14:30:00 GMT+0530 (India Standard Time)","91.50","92.20","91.25","91.60"
"Fri Aug 23 2024 14:35:00 GMT+0530 (India Standard Time)","91.60","92.15","90.40","91.00"
"Fri Aug 23 2024 14:40:00 GMT+0530 (India Standard Time)","91.00","91.00","90.45","90.75"
"Fri Aug 23 2024 14:45:00 GMT+0530 (India Standard Time)","90.75","91.20","90.50","90.60"
"Fri Aug 23 2024 14:50:00 GMT+0530 (India Standard Time)","90.60","90.60","89.20","90.00"
"Fri Aug 23 2024 14:55:00 GMT+0530 (India Standard Time)","90.00","90.55","89.70","90.40"
"Fri Aug 23 2024 15:00:00 GMT+0530 (India Standard Time)","90.40","90.50","89.25","90.25"
"Fri Aug 23 2024 15:05:00 GMT+0530 (India Standard Time)","90.25","90.75","89.10","89.50"
"Fri Aug 23 2024 15:10:00 GMT+0530 (India Standard Time)","89.50","89.60","89.00","89.30"
"Fri Aug 23 2024 15:15:00 GMT+0530 (India Standard Time)","89.30","89.55","88.40","88.95"
"Fri Aug 23 2024 15:20:00 GMT+0530 (India Standard Time)","88.95","88.95","87.70","88.65"
"Fri Aug 23 2024 15:25:00 GMT+0530 (India Standard Time)","88.65","89.50","88.35","89.00"
"Mon Aug 26 2024 09:15:00 GMT+0530 (India Standard Time)","91.05","95.00","91.00","92.85"
"Mon Aug 26 2024 09:20:00 GMT+0530 (India Standard Time)","92.85","94.95","92.20","93.00"
"Mon Aug 26 2024 09:25:00 GMT+0530 (India Standard Time)","93.00","96.00","93.00","95.50"
"Mon Aug 26 2024 09:30:00 GMT+0530 (India Standard Time)","95.70","98.00","94.70","97.60"
"Mon Aug 26 2024 09:35:00 GMT+0530 (India Standard Time)","97.80","99.80","96.65","99.20"
"Mon Aug 26 2024 09:40:00 GMT+0530 (India Standard Time)","98.70","101.70","98.70","101.00"
"Mon Aug 26 2024 09:45:00 GMT+0530 (India Standard Time)","101.00","101.00","99.00","99.00"
"Mon Aug 26 2024 09:50:00 GMT+0530 (India Standard Time)","99.00","101.50","99.00","101.00"
"Mon Aug 26 2024 09:55:00 GMT+0530 (India Standard Time)","100.90","102.05","99.00","99.05"
"Mon Aug 26 2024 10:00:00 GMT+0530 (India Standard Time)","99.05","99.75","97.60","99.75"
"Mon Aug 26 2024 10:05:00 GMT+0530 (India Standard Time)","99.75","101.50","99.60","101.30"
"Mon Aug 26 2024 10:10:00 GMT+0530 (India Standard Time)","102.00","106.00","101.80","104.40"
"Mon Aug 26 2024 10:15:00 GMT+0530 (India Standard Time)","104.40","107.65","104.40","107.40"
"Mon Aug 26 2024 10:20:00 GMT+0530 (India Standard Time)","107.40","107.50","105.00","105.10"
"Mon Aug 26 2024 10:25:00 GMT+0530 (India Standard Time)","105.10","107.20","104.85","107.20"
"Mon Aug 26 2024 10:30:00 GMT+0530 (India Standard Time)","107.20","110.00","107.00","110.00"
"Mon Aug 26 2024 10:35:00 GMT+0530 (India Standard Time)","110.00","112.75","110.00","112.30"
"Mon Aug 26 2024 10:40:00 GMT+0530 (India Standard Time)","112.30","113.45","110.90","111.40"
"Mon Aug 26 2024 10:45:00 GMT+0530 (India Standard Time)","111.40","113.00","110.70","113.00"
"Mon Aug 26 2024 10:50:00 GMT+0530 (India Standard Time)","113.00","113.00","107.30","109.00"
"Mon Aug 26 2024 10:55:00 GMT+0530 (India Standard Time)","109.00","111.65","108.50","111.00"
"Mon Aug 26 2024 11:00:00 GMT+0530 (India Standard Time)","111.00","111.65","110.15","110.55"
"Mon Aug 26 2024 11:05:00 GMT+0530 (India Standard Time)","110.55","110.75","110.00","110.75"
"Mon Aug 26 2024 11:10:00 GMT+0530 (India Standard Time)","110.75","111.55","109.70","109.70"
"Mon Aug 26 2024 11:15:00 GMT+0530 (India Standard Time)","109.70","110.15","108.45","109.05"
"Mon Aug 26 2024 11:20:00 GMT+0530 (India Standard Time)","108.45","109.15","108.15","109.15"
"Mon Aug 26 2024 11:25:00 GMT+0530 (India Standard Time)","109.15","109.15","107.25","107.40"
"Mon Aug 26 2024 11:30:00 GMT+0530 (India Standard Time)","107.40","109.55","107.20","109.55"
"Mon Aug 26 2024 11:35:00 GMT+0530 (India Standard Time)","109.10","112.60","109.10","112.60"
"Mon Aug 26 2024 11:40:00 GMT+0530 (India Standard Time)","112.15","112.70","110.75","112.00"
"Mon Aug 26 2024 11:45:00 GMT+0530 (India Standard Time)","112.00","112.00","110.40","110.40"
"Mon Aug 26 2024 11:50:00 GMT+0530 (India Standard Time)","110.40","111.90","110.40","111.50"
"Mon Aug 26 2024 11:55:00 GMT+0530 (India Standard Time)","111.50","112.25","110.70","111.30"
"Mon Aug 26 2024 12:00:00 GMT+0530 (India Standard Time)","111.30","114.00","111.30","113.75"
"Mon Aug 26 2024 12:05:00 GMT+0530 (India Standard Time)","113.00","117.50","113.00","116.85"
"Mon Aug 26 2024 12:10:00 GMT+0530 (India Standard Time)","116.85","117.00","115.35","115.65"
"Mon Aug 26 2024 12:15:00 GMT+0530 (India Standard Time)","115.50","115.50","114.50","114.70"
"Mon Aug 26 2024 12:20:00 GMT+0530 (India Standard Time)","114.70","116.40","114.30","115.70"
"Mon Aug 26 2024 12:25:00 GMT+0530 (India Standard Time)","115.70","115.70","113.50","113.50"
"Mon Aug 26 2024 12:30:00 GMT+0530 (India Standard Time)","113.50","114.75","113.45","114.75"
"Mon Aug 26 2024 12:35:00 GMT+0530 (India Standard Time)","114.50","115.65","114.00","114.85"
"Mon Aug 26 2024 12:40:00 GMT+0530 (India Standard Time)","114.65","115.45","111.95","111.95"
"Mon Aug 26 2024 12:45:00 GMT+0530 (India Standard Time)","111.95","112.25","108.50","109.00"
"Mon Aug 26 2024 12:50:00 GMT+0530 (India Standard Time)","109.15","110.00","108.25","109.50"
"Mon Aug 26 2024 12:55:00 GMT+0530 (India Standard Time)","109.50","109.60","108.00","109.10"
"Mon Aug 26 2024 13:00:00 GMT+0530 (India Standard Time)","109.10","110.45","109.00","110.45"
"Mon Aug 26 2024 13:05:00 GMT+0530 (India Standard Time)","110.45","110.85","109.15","109.15"
"Mon Aug 26 2024 13:10:00 GMT+0530 (India Standard Time)","109.15","109.75","108.40","108.40"
"Mon Aug 26 2024 13:15:00 GMT+0530 (India Standard Time)","108.40","108.40","106.75","106.75"
"Mon Aug 26 2024 13:20:00 GMT+0530 (India Standard Time)","107.00","107.00","106.70","106.80"
"Mon Aug 26 2024 13:25:00 GMT+0530 (India Standard Time)","106.80","107.80","106.75","107.10"
"Mon Aug 26 2024 13:30:00 GMT+0530 (India Standard Time)","107.10","107.10","103.85","104.80"
"Mon Aug 26 2024 13:35:00 GMT+0530 (India Standard Time)","104.80","105.05","102.95","103.70"
"Mon Aug 26 2024 13:40:00 GMT+0530 (India Standard Time)","103.70","104.00","102.20","102.30"
"Mon Aug 26 2024 13:45:00 GMT+0530 (India Standard Time)","102.30","104.00","101.70","103.65"
"Mon Aug 26 2024 13:50:00 GMT+0530 (India Standard Time)","103.65","105.45","103.65","105.45"
"Mon Aug 26 2024 13:55:00 GMT+0530 (India Standard Time)","105.45","106.45","105.45","106.15"
"Mon Aug 26 2024 14:00:00 GMT+0530 (India Standard Time)","106.15","106.25","105.00","105.00"
"Mon Aug 26 2024 14:05:00 GMT+0530 (India Standard Time)","104.55","105.00","103.60","105.00"
"Mon Aug 26 2024 14:10:00 GMT+0530 (India Standard Time)","105.00","105.00","103.55","103.80"
"Mon Aug 26 2024 14:15:00 GMT+0530 (India Standard Time)","103.80","107.30","103.80","107.30"
"Mon Aug 26 2024 14:20:00 GMT+0530 (India Standard Time)","107.30","108.70","106.75","106.75"
"Mon Aug 26 2024 14:25:00 GMT+0530 (India Standard Time)","107.50","109.60","107.50","108.80"
"Mon Aug 26 2024 14:30:00 GMT+0530 (India Standard Time)","109.00","109.40","108.40","108.75"
"Mon Aug 26 2024 14:35:00 GMT+0530 (India Standard Time)","108.75","108.95","107.00","108.50"
"Mon Aug 26 2024 14:40:00 GMT+0530 (India Standard Time)","108.50","108.90","106.80","108.40"
"Mon Aug 26 2024 14:45:00 GMT+0530 (India Standard Time)","108.40","109.50","108.40","109.00"
"Mon Aug 26 2024 14:50:00 GMT+0530 (India Standard Time)","109.00","110.00","109.00","109.75"
"Mon Aug 26 2024 14:55:00 GMT+0530 (India Standard Time)","109.75","109.90","108.40","108.40"
"Mon Aug 26 2024 15:00:00 GMT+0530 (India Standard Time)","108.70","108.70","105.30","105.90"
"Mon Aug 26 2024 15:05:00 GMT+0530 (India Standard Time)","105.90","106.25","104.80","104.80"
"Mon Aug 26 2024 15:10:00 GMT+0530 (India Standard Time)","104.60","104.60","101.80","102.15"
"Mon Aug 26 2024 15:15:00 GMT+0530 (India Standard Time)","101.50","103.50","100.05","102.15"
"Mon Aug 26 2024 15:20:00 GMT+0530 (India Standard Time)","102.15","102.30","100.00","100.00"
"Mon Aug 26 2024 15:25:00 GMT+0530 (India Standard Time)","100.00","102.00","99.85","102.00"
"Tue Aug 27 2024 09:15:00 GMT+0530 (India Standard Time)","101.95","102.50","97.50","99.30"
"Tue Aug 27 2024 09:20:00 GMT+0530 (India Standard Time)","99.25","99.50","97.75","98.75"
"Tue Aug 27 2024 09:25:00 GMT+0530 (India Standard Time)","98.75","99.65","97.55","98.10"
"Tue Aug 27 2024 09:30:00 GMT+0530 (India Standard Time)","98.10","98.10","95.35","96.60"
"Tue Aug 27 2024 09:35:00 GMT+0530 (India Standard Time)","96.10","96.90","94.20","94.90"
"Tue Aug 27 2024 09:40:00 GMT+0530 (India Standard Time)","94.35","96.00","93.50","95.95"
"Tue Aug 27 2024 09:45:00 GMT+0530 (India Standard Time)","95.50","95.90","93.80","94.30"
"Tue Aug 27 2024 09:50:00 GMT+0530 (India Standard Time)","94.30","99.00","93.70","97.65"
"Tue Aug 27 2024 09:55:00 GMT+0530 (India Standard Time)","97.65","98.75","95.70","96.05"
"Tue Aug 27 2024 10:00:00 GMT+0530 (India Standard Time)","96.05","96.65","94.50","94.70"
"Tue Aug 27 2024 10:05:00 GMT+0530 (India Standard Time)","94.50","94.80","92.15","92.85"
"Tue Aug 27 2024 10:10:00 GMT+0530 (India Standard Time)","92.50","93.90","91.00","91.90"
"Tue Aug 27 2024 10:15:00 GMT+0530 (India Standard Time)","92.65","93.85","92.00","93.45"
"Tue Aug 27 2024 10:20:00 GMT+0530 (India Standard Time)","93.45","93.45","91.80","91.85"
"Tue Aug 27 2024 10:25:00 GMT+0530 (India Standard Time)","91.85","92.30","88.25","88.50"
"Tue Aug 27 2024 10:30:00 GMT+0530 (India Standard Time)","88.45","88.85","86.50","88.50"
"Tue Aug 27 2024 10:35:00 GMT+0530 (India Standard Time)","88.50","89.50","88.05","88.50"
"Tue Aug 27 2024 10:40:00 GMT+0530 (India Standard Time)","88.50","89.70","88.50","89.50"
"Tue Aug 27 2024 10:45:00 GMT+0530 (India Standard Time)","89.50","90.60","89.20","89.90"
"Tue Aug 27 2024 10:50:00 GMT+0530 (India Standard Time)","90.00","90.10","89.00","89.95"
"Tue Aug 27 2024 10:55:00 GMT+0530 (India Standard Time)","89.95","91.00","89.65","90.85"
"Tue Aug 27 2024 11:00:00 GMT+0530 (India Standard Time)","90.55","91.85","90.25","91.55"
"Tue Aug 27 2024 11:05:00 GMT+0530 (India Standard Time)","91.80","93.10","91.40","93.10"
"Tue Aug 27 2024 11:10:00 GMT+0530 (India Standard Time)","93.10","94.15","92.65","94.10"
"Tue Aug 27 2024 11:15:00 GMT+0530 (India Standard Time)","94.05","94.40","92.90","94.40"
"Tue Aug 27 2024 11:20:00 GMT+0530 (India Standard Time)","94.40","95.00","94.00","95.00"
"Tue Aug 27 2024 11:25:00 GMT+0530 (India Standard Time)","95.00","95.00","94.00","94.35"
"Tue Aug 27 2024 11:30:00 GMT+0530 (India Standard Time)","94.35","94.35","90.70","91.00"
"Tue Aug 27 2024 11:35:00 GMT+0530 (India Standard Time)","91.00","91.45","90.00","90.75"
"Tue Aug 27 2024 11:40:00 GMT+0530 (India Standard Time)","90.75","91.65","90.50","90.50"
"Tue Aug 27 2024 11:45:00 GMT+0530 (India Standard Time)","90.50","91.05","88.80","89.35"
"Tue Aug 27 2024 11:50:00 GMT+0530 (India Standard Time)","89.35","90.05","88.05","88.60"
"Tue Aug 27 2024 11:55:00 GMT+0530 (India Standard Time)","88.60","88.90","87.55","88.00"
"Tue Aug 27 2024 12:00:00 GMT+0530 (India Standard Time)","88.00","88.95","87.55","88.70"
"Tue Aug 27 2024 12:05:00 GMT+0530 (India Standard Time)","88.70","89.65","88.35","88.75"
"Tue Aug 27 2024 12:10:00 GMT+0530 (India Standard Time)","88.75","89.55","88.60","89.40"
"Tue Aug 27 2024 12:15:00 GMT+0530 (India Standard Time)","89.40","90.95","89.40","90.90"
"Tue Aug 27 2024 12:20:00 GMT+0530 (India Standard Time)","90.90","91.70","89.10","89.55"
"Tue Aug 27 2024 12:25:00 GMT+0530 (India Standard Time)","89.55","90.00","88.50","89.00"
"Tue Aug 27 2024 12:30:00 GMT+0530 (India Standard Time)","89.00","89.40","89.00","89.20"
"Tue Aug 27 2024 12:35:00 GMT+0530 (India Standard Time)","89.20","89.75","88.45","89.30"
"Tue Aug 27 2024 12:40:00 GMT+0530 (India Standard Time)","89.30","89.45","88.75","89.15"
"Tue Aug 27 2024 12:45:00 GMT+0530 (India Standard Time)","89.15","90.25","88.20","89.90"
"Tue Aug 27 2024 12:50:00 GMT+0530 (India Standard Time)","90.10","90.70","89.30","90.60"
"Tue Aug 27 2024 12:55:00 GMT+0530 (India Standard Time)","90.55","90.55","89.10","89.10"
"Tue Aug 27 2024 13:00:00 GMT+0530 (India Standard Time)","89.10","89.55","88.00","88.80"
"Tue Aug 27 2024 13:05:00 GMT+0530 (India Standard Time)","88.80","89.15","88.50","88.50"
"Tue Aug 27 2024 13:10:00 GMT+0530 (India Standard Time)","88.55","89.05","88.00","89.05"
"Tue Aug 27 2024 13:15:00 GMT+0530 (India Standard Time)","89.05","89.45","88.45","88.45"
"Tue Aug 27 2024 13:20:00 GMT+0530 (India Standard Time)","88.45","90.40","88.45","90.20"
"Tue Aug 27 2024 13:25:00 GMT+0530 (India Standard Time)","90.20","91.90","90.20","90.45"
"Tue Aug 27 2024 13:30:00 GMT+0530 (India Standard Time)","90.65","91.10","90.15","90.55"
"Tue Aug 27 2024 13:35:00 GMT+0530 (India Standard Time)","90.55","90.55","90.15","90.25"
"Tue Aug 27 2024 13:40:00 GMT+0530 (India Standard Time)","90.25","90.40","89.25","89.30"
"Tue Aug 27 2024 13:45:00 GMT+0530 (India Standard Time)","89.30","89.60","89.00","89.55"
"Tue Aug 27 2024 13:50:00 GMT+0530 (India Standard Time)","89.55","91.50","89.55","91.30"
"Tue Aug 27 2024 13:55:00 GMT+0530 (India Standard Time)","91.30","91.45","90.20","91.30"
"Tue Aug 27 2024 14:00:00 GMT+0530 (India Standard Time)","91.30","91.30","89.40","89.95"
"Tue Aug 27 2024 14:05:00 GMT+0530 (India Standard Time)","89.50","89.80","89.20","89.20"
"Tue Aug 27 2024 14:10:00 GMT+0530 (India Standard Time)","89.45","89.85","89.20","89.75"
"Tue Aug 27 2024 14:15:00 GMT+0530 (India Standard Time)","89.75","89.75","88.30","89.20"
"Tue Aug 27 2024 14:20:00 GMT+0530 (India Standard Time)","89.55","90.20","89.40","89.50"
"Tue Aug 27 2024 14:25:00 GMT+0530 (India Standard Time)","89.50","90.85","89.50","90.15"
"Tue Aug 27 2024 14:30:00 GMT+0530 (India Standard Time)","90.15","91.90","90.15","91.30"
"Tue Aug 27 2024 14:35:00 GMT+0530 (India Standard Time)","91.30","91.40","90.50","90.80"
"Tue Aug 27 2024 14:40:00 GMT+0530 (India Standard Time)","90.80","91.00","89.60","89.60"
"Tue Aug 27 2024 14:45:00 GMT+0530 (India Standard Time)","89.60","90.00","88.50","88.85"
"Tue Aug 27 2024 14:50:00 GMT+0530 (India Standard Time)","88.85","88.90","87.30","87.50"
"Tue Aug 27 2024 14:55:00 GMT+0530 (India Standard Time)","87.40","87.50","85.50","86.25"
"Tue Aug 27 2024 15:00:00 GMT+0530 (India Standard Time)","86.25","87.55","86.00","87.50"
"Tue Aug 27 2024 15:05:00 GMT+0530 (India Standard Time)","87.55","87.55","85.25","86.80"
"Tue Aug 27 2024 15:10:00 GMT+0530 (India Standard Time)","86.80","86.95","85.15","85.60"
"Tue Aug 27 2024 15:15:00 GMT+0530 (India Standard Time)","85.80","86.75","85.60","86.45"
"Tue Aug 27 2024 15:20:00 GMT+0530 (India Standard Time)","86.20","87.40","86.05","86.95"
"Tue Aug 27 2024 15:25:00 GMT+0530 (India Standard Time)","86.95","87.25","85.60","86.45"
"Wed Aug 28 2024 09:15:00 GMT+0530 (India Standard Time)","90.45","92.50","89.45","91.45"
"Wed Aug 28 2024 09:20:00 GMT+0530 (India Standard Time)","91.45","93.00","90.15","90.85"
"Wed Aug 28 2024 09:25:00 GMT+0530 (India Standard Time)","91.10","91.30","88.40","88.55"
"Wed Aug 28 2024 09:30:00 GMT+0530 (India Standard Time)","88.90","90.40","87.50","89.00"
"Wed Aug 28 2024 09:35:00 GMT+0530 (India Standard Time)","89.00","91.30","88.90","90.15"
"Wed Aug 28 2024 09:40:00 GMT+0530 (India Standard Time)","90.25","91.00","90.00","90.25"
"Wed Aug 28 2024 09:45:00 GMT+0530 (India Standard Time)","90.00","91.40","88.60","90.30"
"Wed Aug 28 2024 09:50:00 GMT+0530 (India Standard Time)","90.60","91.00","89.40","89.40"
"Wed Aug 28 2024 09:55:00 GMT+0530 (India Standard Time)","89.40","91.10","89.40","90.95"
"Wed Aug 28 2024 10:00:00 GMT+0530 (India Standard Time)","90.95","91.05","88.50","89.00"
"Wed Aug 28 2024 10:05:00 GMT+0530 (India Standard Time)","89.00","89.90","88.00","88.00"
"Wed Aug 28 2024 10:10:00 GMT+0530 (India Standard Time)","88.25","89.45","87.50","88.85"
"Wed Aug 28 2024 10:15:00 GMT+0530 (India Standard Time)","88.85","89.05","87.00","87.10"
"Wed Aug 28 2024 10:20:00 GMT+0530 (India Standard Time)","87.10","88.55","86.50","87.25"
"Wed Aug 28 2024 10:25:00 GMT+0530 (India Standard Time)","87.40","88.35","86.25","87.00"
"Wed Aug 28 2024 10:30:00 GMT+0530 (India Standard Time)","87.00","87.45","86.30","86.75"
"Wed Aug 28 2024 10:35:00 GMT+0530 (India Standard Time)","86.85","86.85","83.80","84.50"
"Wed Aug 28 2024 10:40:00 GMT+0530 (India Standard Time)","84.30","84.60","80.35","80.85"
"Wed Aug 28 2024 10:45:00 GMT+0530 (India Standard Time)","80.85","83.10","79.80","83.10"
"Wed Aug 28 2024 10:50:00 GMT+0530 (India Standard Time)","83.10","84.00","82.15","83.25"
"Wed Aug 28 2024 10:55:00 GMT+0530 (India Standard Time)","83.45","84.00","82.95","83.65"
"Wed Aug 28 2024 11:00:00 GMT+0530 (India Standard Time)","84.30","84.45","82.70","82.80"
"Wed Aug 28 2024 11:05:00 GMT+0530 (India Standard Time)","83.35","83.35","82.15","82.75"
"Wed Aug 28 2024 11:10:00 GMT+0530 (India Standard Time)","82.75","86.10","82.60","86.00"
"Wed Aug 28 2024 11:15:00 GMT+0530 (India Standard Time)","86.00","89.45","85.85","89.20"
"Wed Aug 28 2024 11:20:00 GMT+0530 (India Standard Time)","89.20","90.45","88.00","88.75"
"Wed Aug 28 2024 11:25:00 GMT+0530 (India Standard Time)","88.75","89.25","87.10","88.25"
"Wed Aug 28 2024 11:30:00 GMT+0530 (India Standard Time)","88.25","90.10","87.20","89.30"
"Wed Aug 28 2024 11:35:00 GMT+0530 (India Standard Time)","89.30","91.00","88.35","88.35"
"Wed Aug 28 2024 11:40:00 GMT+0530 (India Standard Time)","88.35","91.20","88.35","90.50"
"Wed Aug 28 2024 11:45:00 GMT+0530 (India Standard Time)","90.50","91.50","89.00","89.25"
"Wed Aug 28 2024 11:50:00 GMT+0530 (India Standard Time)","89.25","90.30","88.60","88.60"
"Wed Aug 28 2024 11:55:00 GMT+0530 (India Standard Time)","88.55","89.90","87.90","87.90"
"Wed Aug 28 2024 12:00:00 GMT+0530 (India Standard Time)","88.15","90.50","87.05","90.50"
"Wed Aug 28 2024 12:05:00 GMT+0530 (India Standard Time)","90.50","90.60","88.20","89.00"
"Wed Aug 28 2024 12:10:00 GMT+0530 (India Standard Time)","88.30","89.00","86.50","87.00"
"Wed Aug 28 2024 12:15:00 GMT+0530 (India Standard Time)","87.00","89.15","86.60","89.00"
"Wed Aug 28 2024 12:20:00 GMT+0530 (India Standard Time)","89.00","90.00","89.00","89.00"
"Wed Aug 28 2024 12:25:00 GMT+0530 (India Standard Time)","89.45","89.80","89.00","89.50"
"Wed Aug 28 2024 12:30:00 GMT+0530 (India Standard Time)","89.05","89.90","88.75","88.75"
"Wed Aug 28 2024 12:35:00 GMT+0530 (India Standard Time)","88.75","90.90","88.75","90.70"
"Wed Aug 28 2024 12:40:00 GMT+0530 (India Standard Time)","90.70","90.80","90.00","90.05"
"Wed Aug 28 2024 12:45:00 GMT+0530 (India Standard Time)","90.05","90.60","88.90","89.35"
"Wed Aug 28 2024 12:50:00 GMT+0530 (India Standard Time)","89.35","89.50","88.65","89.00"
"Wed Aug 28 2024 12:55:00 GMT+0530 (India Standard Time)","89.00","89.30","87.10","87.40"
"Wed Aug 28 2024 13:00:00 GMT+0530 (India Standard Time)","87.40","88.05","87.35","87.75"
"Wed Aug 28 2024 13:05:00 GMT+0530 (India Standard Time)","87.75","88.65","87.00","88.45"
"Wed Aug 28 2024 13:10:00 GMT+0530 (India Standard Time)","88.40","89.75","87.50","87.95"
"Wed Aug 28 2024 13:15:00 GMT+0530 (India Standard Time)","88.35","88.35","86.75","87.65"
"Wed Aug 28 2024 13:20:00 GMT+0530 (India Standard Time)","87.65","87.65","85.15","86.05"
"Wed Aug 28 2024 13:25:00 GMT+0530 (India Standard Time)","86.05","86.60","85.90","86.60"
"Wed Aug 28 2024 13:30:00 GMT+0530 (India Standard Time)","86.60","87.50","86.00","86.60"
"Wed Aug 28 2024 13:35:00 GMT+0530 (India Standard Time)","86.60","86.90","85.25","85.35"
"Wed Aug 28 2024 13:40:00 GMT+0530 (India Standard Time)","85.35","86.00","84.60","84.80"
"Wed Aug 28 2024 13:45:00 GMT+0530 (India Standard Time)","84.50","85.60","84.45","85.20"
"Wed Aug 28 2024 13:50:00 GMT+0530 (India Standard Time)","85.20","85.50","84.05","84.15"
"Wed Aug 28 2024 13:55:00 GMT+0530 (India Standard Time)","84.15","85.50","84.00","85.00"
"Wed Aug 28 2024 14:00:00 GMT+0530 (India Standard Time)","85.00","85.70","85.00","85.40"
"Wed Aug 28 2024 14:05:00 GMT+0530 (India Standard Time)","85.00","86.00","84.30","84.35"
"Wed Aug 28 2024 14:10:00 GMT+0530 (India Standard Time)","84.30","85.15","84.00","84.25"
"Wed Aug 28 2024 14:15:00 GMT+0530 (India Standard Time)","84.25","84.95","84.00","84.05"
"Wed Aug 28 2024 14:20:00 GMT+0530 (India Standard Time)","84.00","84.40","83.80","84.30"
"Wed Aug 28 2024 14:25:00 GMT+0530 (India Standard Time)","84.00","84.45","83.10","83.45"
"Wed Aug 28 2024 14:30:00 GMT+0530 (India Standard Time)","83.45","84.55","83.00","84.20"
"Wed Aug 28 2024 14:35:00 GMT+0530 (India Standard Time)","84.20","84.80","83.60","83.60"
"Wed Aug 28 2024 14:40:00 GMT+0530 (India Standard Time)","83.60","84.10","82.00","82.00"
"Wed Aug 28 2024 14:45:00 GMT+0530 (India Standard Time)","82.40","84.65","82.30","84.30"
"Wed Aug 28 2024 14:50:00 GMT+0530 (India Standard Time)","84.30","84.65","82.20","84.25"
"Wed Aug 28 2024 14:55:00 GMT+0530 (India Standard Time)","84.25","86.15","82.40","85.20"
"Wed Aug 28 2024 15:00:00 GMT+0530 (India Standard Time)","85.20","88.50","84.80","87.80"
"Wed Aug 28 2024 15:05:00 GMT+0530 (India Standard Time)","87.80","88.45","87.05","87.45"
"Wed Aug 28 2024 15:10:00 GMT+0530 (India Standard Time)","87.25","87.35","85.50","86.00"
"Wed Aug 28 2024 15:15:00 GMT+0530 (India Standard Time)","86.00","87.80","85.55","87.45"
"Wed Aug 28 2024 15:20:00 GMT+0530 (India Standard Time)","87.70","88.80","87.55","87.80"
"Wed Aug 28 2024 15:25:00 GMT+0530 (India Standard Time)","88.00","88.45","87.50","88.20"
"Thu Aug 29 2024 09:15:00 GMT+0530 (India Standard Time)","92.95","93.00","88.00","88.00"
"Thu Aug 29 2024 09:20:00 GMT+0530 (India Standard Time)","88.35","89.15","85.10","88.20"
"Thu Aug 29 2024 09:25:00 GMT+0530 (India Standard Time)","88.25","88.25","85.35","86.15"
"Thu Aug 29 2024 09:30:00 GMT+0530 (India Standard Time)","86.00","86.45","82.45","83.00"
"Thu Aug 29 2024 09:35:00 GMT+0530 (India Standard Time)","83.00","84.50","82.80","83.05"
"Thu Aug 29 2024 09:40:00 GMT+0530 (India Standard Time)","83.05","84.50","82.55","83.10"
"Thu Aug 29 2024 09:45:00 GMT+0530 (India Standard Time)","83.10","88.20","83.10","88.00"
"Thu Aug 29 2024 09:50:00 GMT+0530 (India Standard Time)","88.00","89.55","87.00","88.35"
"Thu Aug 29 2024 09:55:00 GMT+0530 (India Standard Time)","88.00","88.85","85.00","85.80"
"Thu Aug 29 2024 10:00:00 GMT+0530 (India Standard Time)","85.80","87.45","85.15","87.00"
"Thu Aug 29 2024 10:05:00 GMT+0530 (India Standard Time)","87.00","88.90","86.70","88.60"
"Thu Aug 29 2024 10:10:00 GMT+0530 (India Standard Time)","89.00","90.90","88.50","89.30"
"Thu Aug 29 2024 10:15:00 GMT+0530 (India Standard Time)","89.30","90.65","87.60","89.30"
"Thu Aug 29 2024 10:20:00 GMT+0530 (India Standard Time)","89.30","92.40","88.75","90.00"
"Thu Aug 29 2024 10:25:00 GMT+0530 (India Standard Time)","90.25","91.40","89.50","89.60"
"Thu Aug 29 2024 10:30:00 GMT+0530 (India Standard Time)","90.00","93.45","89.50","93.20"
"Thu Aug 29 2024 10:35:00 GMT+0530 (India Standard Time)","93.20","94.00","91.60","91.60"
"Thu Aug 29 2024 10:40:00 GMT+0530 (India Standard Time)","91.60","91.90","90.00","91.40"
"Thu Aug 29 2024 10:45:00 GMT+0530 (India Standard Time)","91.40","91.50","89.50","89.85"
"Thu Aug 29 2024 10:50:00 GMT+0530 (India Standard Time)","90.20","90.80","89.00","89.70"
"Thu Aug 29 2024 10:55:00 GMT+0530 (India Standard Time)","89.70","90.90","88.15","88.60"
"Thu Aug 29 2024 11:00:00 GMT+0530 (India Standard Time)","88.60","89.70","88.20","89.00"
"Thu Aug 29 2024 11:05:00 GMT+0530 (India Standard Time)","89.10","89.35","88.00","88.20"
"Thu Aug 29 2024 11:10:00 GMT+0530 (India Standard Time)","88.40","89.75","88.05","89.25"
"Thu Aug 29 2024 11:15:00 GMT+0530 (India Standard Time)","89.25","90.15","88.65","89.55"
"Thu Aug 29 2024 11:20:00 GMT+0530 (India Standard Time)","89.55","91.00","89.50","90.15"
"Thu Aug 29 2024 11:25:00 GMT+0530 (India Standard Time)","90.15","90.80","90.00","90.00"
"Thu Aug 29 2024 11:30:00 GMT+0530 (India Standard Time)","90.00","91.45","89.70","91.25"
"Thu Aug 29 2024 11:35:00 GMT+0530 (India Standard Time)","91.30","93.90","91.30","93.55"
"Thu Aug 29 2024 11:40:00 GMT+0530 (India Standard Time)","93.30","93.45","91.65","92.00"
"Thu Aug 29 2024 11:45:00 GMT+0530 (India Standard Time)","92.00","92.40","90.80","91.00"
"Thu Aug 29 2024 11:50:00 GMT+0530 (India Standard Time)","91.00","91.35","89.50","91.35"
"Thu Aug 29 2024 11:55:00 GMT+0530 (India Standard Time)","91.15","91.70","88.75","88.85"
"Thu Aug 29 2024 12:00:00 GMT+0530 (India Standard Time)","89.25","90.55","89.00","90.45"
"Thu Aug 29 2024 12:05:00 GMT+0530 (India Standard Time)","90.50","90.50","89.00","89.05"
"Thu Aug 29 2024 12:10:00 GMT+0530 (India Standard Time)","89.05","91.70","89.00","90.90"
"Thu Aug 29 2024 12:15:00 GMT+0530 (India Standard Time)","91.10","92.50","90.75","91.10"
"Thu Aug 29 2024 12:20:00 GMT+0530 (India Standard Time)","91.45","92.25","90.00","90.00"
"Thu Aug 29 2024 12:25:00 GMT+0530 (India Standard Time)","90.00","92.20","90.00","91.75"
"Thu Aug 29 2024 12:30:00 GMT+0530 (India Standard Time)","91.75","94.00","91.60","93.25"
"Thu Aug 29 2024 12:35:00 GMT+0530 (India Standard Time)","93.45","96.90","93.15","95.75"
"Thu Aug 29 2024 12:40:00 GMT+0530 (India Standard Time)","95.75","100.95","95.55","99.65"
"Thu Aug 29 2024 12:45:00 GMT+0530 (India Standard Time)","99.65","102.00","96.50","102.00"
"Thu Aug 29 2024 12:50:00 GMT+0530 (India Standard Time)","101.95","103.20","97.25","98.00"
"Thu Aug 29 2024 12:55:00 GMT+0530 (India Standard Time)","98.00","99.00","94.75","95.50"
"Thu Aug 29 2024 13:00:00 GMT+0530 (India Standard Time)","95.50","97.65","94.50","97.00"
"Thu Aug 29 2024 13:05:00 GMT+0530 (India Standard Time)","97.05","97.70","95.35","96.20"
"Thu Aug 29 2024 13:10:00 GMT+0530 (India Standard Time)","96.20","96.80","94.40","96.05"
"Thu Aug 29 2024 13:15:00 GMT+0530 (India Standard Time)","96.05","98.50","96.05","98.15"
"Thu Aug 29 2024 13:20:00 GMT+0530 (India Standard Time)","98.15","98.55","95.50","95.80"
"Thu Aug 29 2024 13:25:00 GMT+0530 (India Standard Time)","95.80","96.75","95.00","96.00"
"Thu Aug 29 2024 13:30:00 GMT+0530 (India Standard Time)","96.00","96.70","91.55","92.10"
"Thu Aug 29 2024 13:35:00 GMT+0530 (India Standard Time)","92.10","94.55","91.55","94.00"
"Thu Aug 29 2024 13:40:00 GMT+0530 (India Standard Time)","94.35","114.50","92.00","110.25"
"Thu Aug 29 2024 13:45:00 GMT+0530 (India Standard Time)","109.40","135.00","107.95","122.25"
"Thu Aug 29 2024 13:50:00 GMT+0530 (India Standard Time)","120.90","129.00","116.75","129.00"
"Thu Aug 29 2024 13:55:00 GMT+0530 (India Standard Time)","128.35","134.00","126.45","127.00"
"Thu Aug 29 2024 14:00:00 GMT+0530 (India Standard Time)","127.00","130.95","109.45","110.25"
"Thu Aug 29 2024 14:05:00 GMT+0530 (India Standard Time)","110.25","123.35","104.35","123.35"
"Thu Aug 29 2024 14:10:00 GMT+0530 (India Standard Time)","123.35","127.10","117.75","123.30"
"Thu Aug 29 2024 14:15:00 GMT+0530 (India Standard Time)","123.30","125.50","116.10","121.00"
"Thu Aug 29 2024 14:20:00 GMT+0530 (India Standard Time)","121.00","123.00","109.80","111.00"
"Thu Aug 29 2024 14:25:00 GMT+0530 (India Standard Time)","111.00","114.65","110.50","114.00"
"Thu Aug 29 2024 14:30:00 GMT+0530 (India Standard Time)","114.00","117.90","111.50","112.50"
"Thu Aug 29 2024 14:35:00 GMT+0530 (India Standard Time)","112.50","114.00","105.75","108.50"
"Thu Aug 29 2024 14:40:00 GMT+0530 (India Standard Time)","108.50","108.90","95.00","95.65"
"Thu Aug 29 2024 14:45:00 GMT+0530 (India Standard Time)","95.10","97.40","90.50","96.15"
"Thu Aug 29 2024 14:50:00 GMT+0530 (India Standard Time)","96.15","103.00","95.20","102.50"
"Thu Aug 29 2024 14:55:00 GMT+0530 (India Standard Time)","101.70","110.65","101.00","109.45"
"Thu Aug 29 2024 15:00:00 GMT+0530 (India Standard Time)","109.45","109.80","106.50","107.30"
"Thu Aug 29 2024 15:05:00 GMT+0530 (India Standard Time)","107.40","112.80","107.00","112.00"
"Thu Aug 29 2024 15:10:00 GMT+0530 (India Standard Time)","112.30","112.35","106.80","107.50"
"Thu Aug 29 2024 15:15:00 GMT+0530 (India Standard Time)","107.50","109.50","105.05","108.20"
"Thu Aug 29 2024 15:20:00 GMT+0530 (India Standard Time)","108.20","109.25","105.00","107.00"
"Thu Aug 29 2024 15:25:00 GMT+0530 (India Standard Time)","107.00","110.95","107.00","110.45"
"Fri Aug 30 2024 09:15:00 GMT+0530 (India Standard Time)","111.00","125.00","105.00","108.00"
"Fri Aug 30 2024 09:20:00 GMT+0530 (India Standard Time)","108.00","109.75","103.70","106.75"
"Fri Aug 30 2024 09:25:00 GMT+0530 (India Standard Time)","106.75","107.75","103.30","103.50"
"Fri Aug 30 2024 09:30:00 GMT+0530 (India Standard Time)","103.40","103.65","92.50","96.85"
"Fri Aug 30 2024 09:35:00 GMT+0530 (India Standard Time)","96.85","97.45","90.70","93.15"
"Fri Aug 30 2024 09:40:00 GMT+0530 (India Standard Time)","93.35","96.30","91.40","92.65"
"Fri Aug 30 2024 09:45:00 GMT+0530 (India Standard Time)","92.60","95.65","92.35","94.65"
"Fri Aug 30 2024 09:50:00 GMT+0530 (India Standard Time)","94.65","95.65","92.45","95.00"
"Fri Aug 30 2024 09:55:00 GMT+0530 (India Standard Time)","95.00","95.00","92.00","92.60"
"Fri Aug 30 2024 10:00:00 GMT+0530 (India Standard Time)","92.60","94.25","89.00","92.75"
"Fri Aug 30 2024 10:05:00 GMT+0530 (India Standard Time)","92.75","95.00","92.75","94.75"
"Fri Aug 30 2024 10:10:00 GMT+0530 (India Standard Time)","94.75","94.95","92.25","93.60"
"Fri Aug 30 2024 10:15:00 GMT+0530 (India Standard Time)","93.60","93.90","89.50","89.50"
"Fri Aug 30 2024 10:20:00 GMT+0530 (India Standard Time)","89.50","89.95","85.65","87.80"
"Fri Aug 30 2024 10:25:00 GMT+0530 (India Standard Time)","87.80","88.85","87.35","88.05"
"Fri Aug 30 2024 10:30:00 GMT+0530 (India Standard Time)","88.05","90.00","87.65","89.00"
"Fri Aug 30 2024 10:35:00 GMT+0530 (India Standard Time)","89.00","90.00","88.25","89.80"
"Fri Aug 30 2024 10:40:00 GMT+0530 (India Standard Time)","89.80","90.00","87.50","88.80"
"Fri Aug 30 2024 10:45:00 GMT+0530 (India Standard Time)","88.80","89.30","87.75","89.30"
"Fri Aug 30 2024 10:50:00 GMT+0530 (India Standard Time)","89.30","89.70","88.80","88.85"
"Fri Aug 30 2024 10:55:00 GMT+0530 (India Standard Time)","88.85","89.40","87.15","89.35"
"Fri Aug 30 2024 11:00:00 GMT+0530 (India Standard Time)","89.35","89.95","88.55","89.95"
"Fri Aug 30 2024 11:05:00 GMT+0530 (India Standard Time)","89.95","91.00","89.20","89.65"
"Fri Aug 30 2024 11:10:00 GMT+0530 (India Standard Time)","89.65","89.75","88.25","89.10"
"Fri Aug 30 2024 11:15:00 GMT+0530 (India Standard Time)","89.10","89.90","88.35","89.60"
"Fri Aug 30 2024 11:20:00 GMT+0530 (India Standard Time)","89.60","90.70","89.45","90.00"
"Fri Aug 30 2024 11:25:00 GMT+0530 (India Standard Time)","90.00","90.35","89.70","90.00"
"Fri Aug 30 2024 11:30:00 GMT+0530 (India Standard Time)","90.00","90.20","88.25","88.65"
"Fri Aug 30 2024 11:35:00 GMT+0530 (India Standard Time)","88.65","89.25","87.80","87.90"
"Fri Aug 30 2024 11:40:00 GMT+0530 (India Standard Time)","87.80","87.80","84.00","84.40"
"Fri Aug 30 2024 11:45:00 GMT+0530 (India Standard Time)","84.60","85.75","84.20","84.50"
"Fri Aug 30 2024 11:50:00 GMT+0530 (India Standard Time)","84.50","85.00","83.30","83.95"
"Fri Aug 30 2024 11:55:00 GMT+0530 (India Standard Time)","83.95","84.20","83.50","83.50"
"Fri Aug 30 2024 12:00:00 GMT+0530 (India Standard Time)","83.50","83.65","82.00","83.05"
"Fri Aug 30 2024 12:05:00 GMT+0530 (India Standard Time)","83.05","83.65","80.05","80.60"
"Fri Aug 30 2024 12:10:00 GMT+0530 (India Standard Time)","80.60","82.20","80.55","81.40"
"Fri Aug 30 2024 12:15:00 GMT+0530 (India Standard Time)","81.40","83.55","81.00","83.45"
"Fri Aug 30 2024 12:20:00 GMT+0530 (India Standard Time)","83.45","83.50","81.00","81.30"
"Fri Aug 30 2024 12:25:00 GMT+0530 (India Standard Time)","81.35","81.70","80.80","81.00"
"Fri Aug 30 2024 12:30:00 GMT+0530 (India Standard Time)","81.00","81.00","80.60","80.80"
"Fri Aug 30 2024 12:35:00 GMT+0530 (India Standard Time)","80.80","82.60","80.60","82.15"
"Fri Aug 30 2024 12:40:00 GMT+0530 (India Standard Time)","82.15","82.75","80.60","81.70"
"Fri Aug 30 2024 12:45:00 GMT+0530 (India Standard Time)","81.70","83.90","81.30","83.50"
"Fri Aug 30 2024 12:50:00 GMT+0530 (India Standard Time)","83.50","84.50","83.00","84.00"
"Fri Aug 30 2024 12:55:00 GMT+0530 (India Standard Time)","84.20","84.80","83.40","83.80"
"Fri Aug 30 2024 13:00:00 GMT+0530 (India Standard Time)","83.80","85.80","83.20","84.75"
"Fri Aug 30 2024 13:05:00 GMT+0530 (India Standard Time)","84.75","85.15","83.70","84.65"
"Fri Aug 30 2024 13:10:00 GMT+0530 (India Standard Time)","84.65","84.95","83.15","83.60"
"Fri Aug 30 2024 13:15:00 GMT+0530 (India Standard Time)","83.60","84.90","83.15","84.45"
"Fri Aug 30 2024 13:20:00 GMT+0530 (India Standard Time)","84.45","85.20","84.40","84.95"
"Fri Aug 30 2024 13:25:00 GMT+0530 (India Standard Time)","84.95","85.40","84.00","84.25"
"Fri Aug 30 2024 13:30:00 GMT+0530 (India Standard Time)","84.30","85.20","83.95","85.20"
"Fri Aug 30 2024 13:35:00 GMT+0530 (India Standard Time)","85.20","85.20","83.50","84.00"
"Fri Aug 30 2024 13:40:00 GMT+0530 (India Standard Time)","84.00","84.60","83.70","84.60"
"Fri Aug 30 2024 13:45:00 GMT+0530 (India Standard Time)","84.60","84.60","83.80","84.50"
"Fri Aug 30 2024 13:50:00 GMT+0530 (India Standard Time)","84.50","86.90","84.35","86.60"
"Fri Aug 30 2024 13:55:00 GMT+0530 (India Standard Time)","86.60","86.90","84.60","84.65"
"Fri Aug 30 2024 14:00:00 GMT+0530 (India Standard Time)","84.90","85.70","84.50","85.50"
"Fri Aug 30 2024 14:05:00 GMT+0530 (India Standard Time)","85.50","86.90","85.20","86.75"
"Fri Aug 30 2024 14:10:00 GMT+0530 (India Standard Time)","86.75","87.00","85.80","86.55"
"Fri Aug 30 2024 14:15:00 GMT+0530 (India Standard Time)","86.70","87.50","86.60","86.70"
"Fri Aug 30 2024 14:20:00 GMT+0530 (India Standard Time)","86.70","88.30","86.45","88.00"
"Fri Aug 30 2024 14:25:00 GMT+0530 (India Standard Time)","88.00","88.05","86.50","86.60"
"Fri Aug 30 2024 14:30:00 GMT+0530 (India Standard Time)","86.60","87.00","84.20","85.00"
"Fri Aug 30 2024 14:35:00 GMT+0530 (India Standard Time)","85.00","86.00","83.90","85.60"
"Fri Aug 30 2024 14:40:00 GMT+0530 (India Standard Time)","85.70","87.00","85.70","86.20"
"Fri Aug 30 2024 14:45:00 GMT+0530 (India Standard Time)","86.20","87.00","85.70","86.55"
"Fri Aug 30 2024 14:50:00 GMT+0530 (India Standard Time)","86.55","87.00","86.00","86.55"
"Fri Aug 30 2024 14:55:00 GMT+0530 (India Standard Time)","86.55","86.60","83.80","84.80"
"Fri Aug 30 2024 15:00:00 GMT+0530 (India Standard Time)","84.80","85.95","83.00","85.85"
"Fri Aug 30 2024 15:05:00 GMT+0530 (India Standard Time)","85.65","88.25","84.80","87.90"
"Fri Aug 30 2024 15:10:00 GMT+0530 (India Standard Time)","87.90","91.25","86.90","88.40"
"Fri Aug 30 2024 15:15:00 GMT+0530 (India Standard Time)","88.40","90.30","87.50","89.00"
"Fri Aug 30 2024 15:20:00 GMT+0530 (India Standard Time)","89.00","90.00","88.65","89.50"
"Fri Aug 30 2024 15:25:00 GMT+0530 (India Standard Time)","89.50","90.00","88.00","89.05"
"Mon Sep 02 2024 09:15:00 GMT+0530 (India Standard Time)","89.05","89.05","79.00","87.00"
"Mon Sep 02 2024 09:20:00 GMT+0530 (India Standard Time)","87.20","92.50","85.40","89.85"
"Mon Sep 02 2024 09:25:00 GMT+0530 (India Standard Time)","89.85","91.00","86.30","87.00"
"Mon Sep 02 2024 09:30:00 GMT+0530 (India Standard Time)","87.00","87.20","84.35","84.65"
"Mon Sep 02 2024 09:35:00 GMT+0530 (India Standard Time)","84.65","93.45","83.75","93.45"
"Mon Sep 02 2024 09:40:00 GMT+0530 (India Standard Time)","93.20","99.00","92.20","97.40"
"Mon Sep 02 2024 09:45:00 GMT+0530 (India Standard Time)","97.55","98.95","94.10","97.20"
"Mon Sep 02 2024 09:50:00 GMT+0530 (India Standard Time)","97.40","99.00","96.10","97.20"
"Mon Sep 02 2024 09:55:00 GMT+0530 (India Standard Time)","97.95","98.80","96.45","98.40"
"Mon Sep 02 2024 10:00:00 GMT+0530 (India Standard Time)","98.40","100.00","96.90","97.60"
"Mon Sep 02 2024 10:05:00 GMT+0530 (India Standard Time)","97.60","97.60","94.75","96.95"
"Mon Sep 02 2024 10:10:00 GMT+0530 (India Standard Time)","96.95","98.20","95.65","95.65"
"Mon Sep 02 2024 10:15:00 GMT+0530 (India Standard Time)","95.65","95.95","92.25","93.00"
"Mon Sep 02 2024 10:20:00 GMT+0530 (India Standard Time)","93.25","95.50","93.25","95.20"
"Mon Sep 02 2024 10:25:00 GMT+0530 (India Standard Time)","95.20","97.60","94.80","95.85"
"Mon Sep 02 2024 10:30:00 GMT+0530 (India Standard Time)","95.85","97.50","94.50","95.55"
"Mon Sep 02 2024 10:35:00 GMT+0530 (India Standard Time)","95.55","95.55","92.05","92.40"
"Mon Sep 02 2024 10:40:00 GMT+0530 (India Standard Time)","92.40","93.20","90.00","91.30"
"Mon Sep 02 2024 10:45:00 GMT+0530 (India Standard Time)","91.00","93.25","91.00","92.60"
"Mon Sep 02 2024 10:50:00 GMT+0530 (India Standard Time)","92.60","92.60","90.80","91.15"
"Mon Sep 02 2024 10:55:00 GMT+0530 (India Standard Time)","91.15","91.35","88.20","88.40"
"Mon Sep 02 2024 11:00:00 GMT+0530 (India Standard Time)","88.40","88.60","86.80","88.50"
"Mon Sep 02 2024 11:05:00 GMT+0530 (India Standard Time)","88.50","89.25","87.40","89.25"
"Mon Sep 02 2024 11:10:00 GMT+0530 (India Standard Time)","89.25","89.90","87.25","88.00"
"Mon Sep 02 2024 11:15:00 GMT+0530 (India Standard Time)","88.00","88.50","87.00","88.50"
"Mon Sep 02 2024 11:20:00 GMT+0530 (India Standard Time)","88.65","89.80","87.80","89.55"
"Mon Sep 02 2024 11:25:00 GMT+0530 (India Standard Time)","89.55","89.55","85.25","86.40"
"Mon Sep 02 2024 11:30:00 GMT+0530 (India Standard Time)","86.40","87.40","86.00","87.00"
"Mon Sep 02 2024 11:35:00 GMT+0530 (India Standard Time)","86.90","88.40","85.95","88.30"
"Mon Sep 02 2024 11:40:00 GMT+0530 (India Standard Time)","88.30","89.20","87.85","88.00"
"Mon Sep 02 2024 11:45:00 GMT+0530 (India Standard Time)","88.00","88.80","87.50","88.80"
"Mon Sep 02 2024 11:50:00 GMT+0530 (India Standard Time)","88.80","88.80","85.60","85.60"
"Mon Sep 02 2024 11:55:00 GMT+0530 (India Standard Time)","85.60","86.50","85.00","86.40"
"Mon Sep 02 2024 12:00:00 GMT+0530 (India Standard Time)","86.40","86.90","84.70","85.45"
"Mon Sep 02 2024 12:05:00 GMT+0530 (India Standard Time)","85.45","86.10","84.75","85.00"
"Mon Sep 02 2024 12:10:00 GMT+0530 (India Standard Time)","85.00","85.60","84.75","85.40"
"Mon Sep 02 2024 12:15:00 GMT+0530 (India Standard Time)","85.40","87.00","85.15","87.00"
"Mon Sep 02 2024 12:20:00 GMT+0530 (India Standard Time)","87.00","87.05","86.30","86.30"
"Mon Sep 02 2024 12:25:00 GMT+0530 (India Standard Time)","86.30","87.15","85.10","85.20"
"Mon Sep 02 2024 12:30:00 GMT+0530 (India Standard Time)","85.20","85.55","83.65","84.35"
"Mon Sep 02 2024 12:35:00 GMT+0530 (India Standard Time)","84.35","87.15","84.35","86.80"
"Mon Sep 02 2024 12:40:00 GMT+0530 (India Standard Time)","86.80","86.80","83.90","84.20"
"Mon Sep 02 2024 12:45:00 GMT+0530 (India Standard Time)","84.20","84.20","81.00","82.55"
"Mon Sep 02 2024 12:50:00 GMT+0530 (India Standard Time)","82.55","83.20","81.65","83.00"
"Mon Sep 02 2024 12:55:00 GMT+0530 (India Standard Time)","83.00","83.35","79.60","81.00"
"Mon Sep 02 2024 13:00:00 GMT+0530 (India Standard Time)","81.00","83.00","80.60","82.25"
"Mon Sep 02 2024 13:05:00 GMT+0530 (India Standard Time)","82.25","83.85","81.90","82.80"
"Mon Sep 02 2024 13:10:00 GMT+0530 (India Standard Time)","82.80","83.40","81.30","81.65"
"Mon Sep 02 2024 13:15:00 GMT+0530 (India Standard Time)","81.65","82.80","81.50","82.00"
"Mon Sep 02 2024 13:20:00 GMT+0530 (India Standard Time)","82.00","82.00","80.20","80.95"
"Mon Sep 02 2024 13:25:00 GMT+0530 (India Standard Time)","80.95","81.90","80.35","81.90"
"Mon Sep 02 2024 13:30:00 GMT+0530 (India Standard Time)","81.90","82.30","81.25","82.30"
"Mon Sep 02 2024 13:35:00 GMT+0530 (India Standard Time)","82.30","82.30","81.30","82.00"
"Mon Sep 02 2024 13:40:00 GMT+0530 (India Standard Time)","82.00","83.00","82.00","82.35"
"Mon Sep 02 2024 13:45:00 GMT+0530 (India Standard Time)","82.35","82.70","81.45","82.50"
"Mon Sep 02 2024 13:50:00 GMT+0530 (India Standard Time)","82.50","82.60","81.80","81.80"
"Mon Sep 02 2024 13:55:00 GMT+0530 (India Standard Time)","81.80","81.80","80.05","81.75"
"Mon Sep 02 2024 14:00:00 GMT+0530 (India Standard Time)","81.75","82.20","80.50","81.50"
"Mon Sep 02 2024 14:05:00 GMT+0530 (India Standard Time)","81.50","81.50","80.20","81.25"
"Mon Sep 02 2024 14:10:00 GMT+0530 (India Standard Time)","81.25","81.95","80.50","80.55"
"Mon Sep 02 2024 14:15:00 GMT+0530 (India Standard Time)","80.55","82.50","80.55","82.25"
"Mon Sep 02 2024 14:20:00 GMT+0530 (India Standard Time)","82.25","82.60","80.40","81.20"
"Mon Sep 02 2024 14:25:00 GMT+0530 (India Standard Time)","81.20","81.20","78.30","78.85"
"Mon Sep 02 2024 14:30:00 GMT+0530 (India Standard Time)","78.85","80.30","78.30","80.00"
"Mon Sep 02 2024 14:35:00 GMT+0530 (India Standard Time)","80.00","80.85","79.85","80.45"
"Mon Sep 02 2024 14:40:00 GMT+0530 (India Standard Time)","80.45","80.55","79.25","80.35"
"Mon Sep 02 2024 14:45:00 GMT+0530 (India Standard Time)","80.35","81.20","79.80","81.00"
"Mon Sep 02 2024 14:50:00 GMT+0530 (India Standard Time)","81.00","82.10","80.50","81.80"
"Mon Sep 02 2024 14:55:00 GMT+0530 (India Standard Time)","81.80","82.60","80.90","82.60"
"Mon Sep 02 2024 15:00:00 GMT+0530 (India Standard Time)","82.85","84.80","82.80","83.85"
"Mon Sep 02 2024 15:05:00 GMT+0530 (India Standard Time)","83.85","85.70","83.85","84.70"
"Mon Sep 02 2024 15:10:00 GMT+0530 (India Standard Time)","84.70","84.95","82.55","84.75"
"Mon Sep 02 2024 15:15:00 GMT+0530 (India Standard Time)","84.75","87.20","83.80","84.25"
"Mon Sep 02 2024 15:20:00 GMT+0530 (India Standard Time)","84.25","84.45","83.35","84.00"
"Mon Sep 02 2024 15:25:00 GMT+0530 (India Standard Time)","84.00","84.00","83.30","83.95"
"Tue Sep 03 2024 09:15:00 GMT+0530 (India Standard Time)","85.00","89.00","80.00","86.05"
"Tue Sep 03 2024 09:20:00 GMT+0530 (India Standard Time)","86.05","87.35","85.00","85.15"
"Tue Sep 03 2024 09:25:00 GMT+0530 (India Standard Time)","85.15","86.20","83.50","84.00"
"Tue Sep 03 2024 09:30:00 GMT+0530 (India Standard Time)","83.80","85.40","81.55","82.80"
"Tue Sep 03 2024 09:35:00 GMT+0530 (India Standard Time)","82.85","83.40","81.70","81.70"
"Tue Sep 03 2024 09:40:00 GMT+0530 (India Standard Time)","81.70","83.50","81.65","83.05"
"Tue Sep 03 2024 09:45:00 GMT+0530 (India Standard Time)","83.05","83.50","82.20","83.20"
"Tue Sep 03 2024 09:50:00 GMT+0530 (India Standard Time)","83.20","83.20","81.85","81.85"
"Tue Sep 03 2024 09:55:00 GMT+0530 (India Standard Time)","81.85","81.90","80.15","80.50"
"Tue Sep 03 2024 10:00:00 GMT+0530 (India Standard Time)","80.50","80.75","79.60","79.85"
"Tue Sep 03 2024 10:05:00 GMT+0530 (India Standard Time)","79.85","80.60","79.50","80.15"
"Tue Sep 03 2024 10:10:00 GMT+0530 (India Standard Time)","80.15","80.60","79.40","80.05"
"Tue Sep 03 2024 10:15:00 GMT+0530 (India Standard Time)","80.00","80.95","76.80","77.90"
"Tue Sep 03 2024 10:20:00 GMT+0530 (India Standard Time)","77.90","78.25","76.00","77.75"
"Tue Sep 03 2024 10:25:00 GMT+0530 (India Standard Time)","77.75","79.45","77.20","79.15"
"Tue Sep 03 2024 10:30:00 GMT+0530 (India Standard Time)","79.15","79.80","79.00","79.45"
"Tue Sep 03 2024 10:35:00 GMT+0530 (India Standard Time)","79.45","80.50","78.90","80.40"
"Tue Sep 03 2024 10:40:00 GMT+0530 (India Standard Time)","80.40","80.40","79.00","79.50"
"Tue Sep 03 2024 10:45:00 GMT+0530 (India Standard Time)","79.50","80.00","79.00","79.75"
"Tue Sep 03 2024 10:50:00 GMT+0530 (India Standard Time)","79.75","80.00","79.20","79.85"
"Tue Sep 03 2024 10:55:00 GMT+0530 (India Standard Time)","79.85","80.00","79.10","79.30"
"Tue Sep 03 2024 11:00:00 GMT+0530 (India Standard Time)","79.30","80.25","79.30","79.60"
"Tue Sep 03 2024 11:05:00 GMT+0530 (India Standard Time)","79.60","80.00","79.30","80.00"
"Tue Sep 03 2024 11:10:00 GMT+0530 (India Standard Time)","80.00","80.15","78.90","79.40"
"Tue Sep 03 2024 11:15:00 GMT+0530 (India Standard Time)","79.40","79.80","78.75","79.30"
"Tue Sep 03 2024 11:20:00 GMT+0530 (India Standard Time)","79.30","79.40","79.00","79.40"
"Tue Sep 03 2024 11:25:00 GMT+0530 (India Standard Time)","79.40","79.50","78.55","78.80"
"Tue Sep 03 2024 11:30:00 GMT+0530 (India Standard Time)","78.75","79.35","78.75","79.35"
"Tue Sep 03 2024 11:35:00 GMT+0530 (India Standard Time)","79.35","80.20","79.00","80.15"
"Tue Sep 03 2024 11:40:00 GMT+0530 (India Standard Time)","80.10","80.20","79.50","79.95"
"Tue Sep 03 2024 11:45:00 GMT+0530 (India Standard Time)","79.95","80.00","79.40","79.70"
"Tue Sep 03 2024 11:50:00 GMT+0530 (India Standard Time)","79.70","80.00","79.50","79.65"
"Tue Sep 03 2024 11:55:00 GMT+0530 (India Standard Time)","79.65","79.80","77.60","78.75"
"Tue Sep 03 2024 12:00:00 GMT+0530 (India Standard Time)","78.75","79.25","77.70","77.80"
"Tue Sep 03 2024 12:05:00 GMT+0530 (India Standard Time)","77.80","78.00","77.05","77.80"
"Tue Sep 03 2024 12:10:00 GMT+0530 (India Standard Time)","77.80","78.45","77.50","78.00"
"Tue Sep 03 2024 12:15:00 GMT+0530 (India Standard Time)","78.00","78.60","77.75","78.30"
"Tue Sep 03 2024 12:20:00 GMT+0530 (India Standard Time)","78.30","79.40","78.30","79.40"
"Tue Sep 03 2024 12:25:00 GMT+0530 (India Standard Time)","79.40","79.85","79.20","79.40"
"Tue Sep 03 2024 12:30:00 GMT+0530 (India Standard Time)","79.50","80.45","79.00","80.05"
"Tue Sep 03 2024 12:35:00 GMT+0530 (India Standard Time)","80.05","80.05","79.25","79.65"
"Tue Sep 03 2024 12:40:00 GMT+0530 (India Standard Time)","79.65","80.20","78.85","79.20"
"Tue Sep 03 2024 12:45:00 GMT+0530 (India Standard Time)","79.20","80.20","79.20","80.20"
"Tue Sep 03 2024 12:50:00 GMT+0530 (India Standard Time)","80.20","81.35","80.00","81.00"
"Tue Sep 03 2024 12:55:00 GMT+0530 (India Standard Time)","81.20","82.10","81.20","81.80"
"Tue Sep 03 2024 13:00:00 GMT+0530 (India Standard Time)","81.80","82.25","81.75","81.80"
"Tue Sep 03 2024 13:05:00 GMT+0530 (India Standard Time)","81.80","82.50","81.60","82.50"
"Tue Sep 03 2024 13:10:00 GMT+0530 (India Standard Time)","82.50","83.25","82.05","83.25"
"Tue Sep 03 2024 13:15:00 GMT+0530 (India Standard Time)","83.25","85.40","83.05","83.25"
"Tue Sep 03 2024 13:20:00 GMT+0530 (India Standard Time)","83.25","84.15","83.00","83.00"
"Tue Sep 03 2024 13:25:00 GMT+0530 (India Standard Time)","83.00","83.70","83.00","83.65"
"Tue Sep 03 2024 13:30:00 GMT+0530 (India Standard Time)","83.65","83.80","82.00","82.00"
"Tue Sep 03 2024 13:35:00 GMT+0530 (India Standard Time)","82.00","83.40","82.00","83.00"
"Tue Sep 03 2024 13:40:00 GMT+0530 (India Standard Time)","83.00","83.00","82.00","82.25"
"Tue Sep 03 2024 13:45:00 GMT+0530 (India Standard Time)","82.25","82.25","80.70","80.75"
"Tue Sep 03 2024 13:50:00 GMT+0530 (India Standard Time)","80.75","81.50","80.65","80.95"
"Tue Sep 03 2024 13:55:00 GMT+0530 (India Standard Time)","80.95","81.60","80.45","81.00"
"Tue Sep 03 2024 14:00:00 GMT+0530 (India Standard Time)","81.00","81.90","80.65","81.90"
"Tue Sep 03 2024 14:05:00 GMT+0530 (India Standard Time)","81.90","82.00","81.35","81.35"
"Tue Sep 03 2024 14:10:00 GMT+0530 (India Standard Time)","81.35","81.90","81.00","81.40"
"Tue Sep 03 2024 14:15:00 GMT+0530 (India Standard Time)","81.40","81.60","80.80","80.90"
"Tue Sep 03 2024 14:20:00 GMT+0530 (India Standard Time)","80.90","81.50","80.20","81.40"
"Tue Sep 03 2024 14:25:00 GMT+0530 (India Standard Time)","81.40","81.70","80.70","81.50"
"Tue Sep 03 2024 14:30:00 GMT+0530 (India Standard Time)","81.50","81.80","81.00","81.15"
"Tue Sep 03 2024 14:35:00 GMT+0530 (India Standard Time)","81.15","81.50","80.50","80.95"
"Tue Sep 03 2024 14:40:00 GMT+0530 (India Standard Time)","80.95","80.95","79.40","79.45"
"Tue Sep 03 2024 14:45:00 GMT+0530 (India Standard Time)","79.65","80.60","79.00","79.80"
"Tue Sep 03 2024 14:50:00 GMT+0530 (India Standard Time)","79.80","80.05","78.50","79.00"
"Tue Sep 03 2024 14:55:00 GMT+0530 (India Standard Time)","79.00","79.60","78.60","79.15"
"Tue Sep 03 2024 15:00:00 GMT+0530 (India Standard Time)","78.75","78.80","78.00","78.05"
"Tue Sep 03 2024 15:05:00 GMT+0530 (India Standard Time)","78.05","78.75","76.85","78.20"
"Tue Sep 03 2024 15:10:00 GMT+0530 (India Standard Time)","78.20","79.00","77.15","78.50"
"Tue Sep 03 2024 15:15:00 GMT+0530 (India Standard Time)","78.50","79.25","77.85","78.45"
"Tue Sep 03 2024 15:20:00 GMT+0530 (India Standard Time)","78.45","78.50","77.25","77.85"
"Tue Sep 03 2024 15:25:00 GMT+0530 (India Standard Time)","77.75","78.70","77.60","78.30"
"Wed Sep 04 2024 09:15:00 GMT+0530 (India Standard Time)","70.90","73.80","65.30","72.00"
"Wed Sep 04 2024 09:20:00 GMT+0530 (India Standard Time)","72.00","75.15","69.95","72.55"
"Wed Sep 04 2024 09:25:00 GMT+0530 (India Standard Time)","72.55","74.20","71.20","71.85"
"Wed Sep 04 2024 09:30:00 GMT+0530 (India Standard Time)","71.85","72.20","70.05","70.70"
"Wed Sep 04 2024 09:35:00 GMT+0530 (India Standard Time)","70.70","71.40","69.10","70.30"
"Wed Sep 04 2024 09:40:00 GMT+0530 (India Standard Time)","70.30","71.10","69.05","69.35"
"Wed Sep 04 2024 09:45:00 GMT+0530 (India Standard Time)","69.35","71.10","68.00","70.95"
"Wed Sep 04 2024 09:50:00 GMT+0530 (India Standard Time)","70.95","72.40","70.50","72.00"
"Wed Sep 04 2024 09:55:00 GMT+0530 (India Standard Time)","72.00","72.25","71.35","71.80"
"Wed Sep 04 2024 10:00:00 GMT+0530 (India Standard Time)","71.80","72.00","70.00","71.00"
"Wed Sep 04 2024 10:05:00 GMT+0530 (India Standard Time)","71.00","75.00","70.15","74.90"
"Wed Sep 04 2024 10:10:00 GMT+0530 (India Standard Time)","74.90","77.50","74.85","75.70"
"Wed Sep 04 2024 10:15:00 GMT+0530 (India Standard Time)","75.75","75.85","73.60","73.85"
"Wed Sep 04 2024 10:20:00 GMT+0530 (India Standard Time)","73.85","74.30","72.30","74.00"
"Wed Sep 04 2024 10:25:00 GMT+0530 (India Standard Time)","74.00","74.10","73.00","73.65"
"Wed Sep 04 2024 10:30:00 GMT+0530 (India Standard Time)","73.65","73.80","70.80","71.90"
"Wed Sep 04 2024 10:35:00 GMT+0530 (India Standard Time)","71.90","74.55","71.60","73.95"
"Wed Sep 04 2024 10:40:00 GMT+0530 (India Standard Time)","73.70","75.80","73.40","74.80"
"Wed Sep 04 2024 10:45:00 GMT+0530 (India Standard Time)","74.80","76.55","74.45","75.25"
"Wed Sep 04 2024 10:50:00 GMT+0530 (India Standard Time)","75.35","79.30","75.00","76.35"
"Wed Sep 04 2024 10:55:00 GMT+0530 (India Standard Time)","76.35","78.10","75.80","76.05"
"Wed Sep 04 2024 11:00:00 GMT+0530 (India Standard Time)","76.05","76.40","74.10","75.65"
"Wed Sep 04 2024 11:05:00 GMT+0530 (India Standard Time)","75.65","76.95","75.15","75.20"
"Wed Sep 04 2024 11:10:00 GMT+0530 (India Standard Time)","75.20","75.20","73.65","74.80"
"Wed Sep 04 2024 11:15:00 GMT+0530 (India Standard Time)","74.80","76.70","74.50","76.25"
"Wed Sep 04 2024 11:20:00 GMT+0530 (India Standard Time)","76.25","76.80","75.65","75.80"
"Wed Sep 04 2024 11:25:00 GMT+0530 (India Standard Time)","75.80","76.00","75.40","75.60"
"Wed Sep 04 2024 11:30:00 GMT+0530 (India Standard Time)","75.60","76.50","75.00","76.00"
"Wed Sep 04 2024 11:35:00 GMT+0530 (India Standard Time)","76.00","77.25","75.80","77.25"
"Wed Sep 04 2024 11:40:00 GMT+0530 (India Standard Time)","77.25","77.35","76.05","77.20"
"Wed Sep 04 2024 11:45:00 GMT+0530 (India Standard Time)","77.20","77.20","75.35","75.65"
"Wed Sep 04 2024 11:50:00 GMT+0530 (India Standard Time)","75.65","76.25","75.30","75.80"
"Wed Sep 04 2024 11:55:00 GMT+0530 (India Standard Time)","75.80","77.75","75.35","77.45"
"Wed Sep 04 2024 12:00:00 GMT+0530 (India Standard Time)","77.45","81.00","76.85","79.20"
"Wed Sep 04 2024 12:05:00 GMT+0530 (India Standard Time)","79.20","79.80","76.50","77.20"
"Wed Sep 04 2024 12:10:00 GMT+0530 (India Standard Time)","77.20","79.15","77.20","78.50"
"Wed Sep 04 2024 12:15:00 GMT+0530 (India Standard Time)","78.50","79.00","77.90","78.60"
"Wed Sep 04 2024 12:20:00 GMT+0530 (India Standard Time)","78.60","79.00","76.70","77.05"
"Wed Sep 04 2024 12:25:00 GMT+0530 (India Standard Time)","77.05","78.35","76.30","77.85"
"Wed Sep 04 2024 12:30:00 GMT+0530 (India Standard Time)","77.85","77.85","75.55","77.00"
"Wed Sep 04 2024 12:35:00 GMT+0530 (India Standard Time)","77.00","77.00","75.80","76.10"
"Wed Sep 04 2024 12:40:00 GMT+0530 (India Standard Time)","76.10","76.50","75.30","75.30"
"Wed Sep 04 2024 12:45:00 GMT+0530 (India Standard Time)","75.30","78.80","75.30","78.05"
"Wed Sep 04 2024 12:50:00 GMT+0530 (India Standard Time)","77.90","77.90","76.80","77.00"
"Wed Sep 04 2024 12:55:00 GMT+0530 (India Standard Time)","77.00","78.05","77.00","77.85"
"Wed Sep 04 2024 13:00:00 GMT+0530 (India Standard Time)","78.00","78.40","76.95","77.10"
"Wed Sep 04 2024 13:05:00 GMT+0530 (India Standard Time)","77.10","77.10","75.80","76.10"
"Wed Sep 04 2024 13:10:00 GMT+0530 (India Standard Time)","76.10","77.20","75.75","76.85"
"Wed Sep 04 2024 13:15:00 GMT+0530 (India Standard Time)","76.85","80.25","76.85","79.70"
"Wed Sep 04 2024 13:20:00 GMT+0530 (India Standard Time)","79.70","81.10","79.50","80.40"
"Wed Sep 04 2024 13:25:00 GMT+0530 (India Standard Time)","80.40","80.65","77.90","78.55"
"Wed Sep 04 2024 13:30:00 GMT+0530 (India Standard Time)","78.55","78.95","78.20","78.80"
"Wed Sep 04 2024 13:35:00 GMT+0530 (India Standard Time)","78.80","79.00","77.55","79.00"
"Wed Sep 04 2024 13:40:00 GMT+0530 (India Standard Time)","79.00","79.00","76.15","76.75"
"Wed Sep 04 2024 13:45:00 GMT+0530 (India Standard Time)","76.75","76.75","75.50","76.00"
"Wed Sep 04 2024 13:50:00 GMT+0530 (India Standard Time)","76.00","76.80","75.50","76.70"
"Wed Sep 04 2024 13:55:00 GMT+0530 (India Standard Time)","76.70","77.75","76.05","77.40"
"Wed Sep 04 2024 14:00:00 GMT+0530 (India Standard Time)","77.00","77.60","76.50","76.55"
"Wed Sep 04 2024 14:05:00 GMT+0530 (India Standard Time)","76.55","76.65","74.10","75.50"
"Wed Sep 04 2024 14:10:00 GMT+0530 (India Standard Time)","75.50","76.10","75.20","75.40"
"Wed Sep 04 2024 14:15:00 GMT+0530 (India Standard Time)","75.40","76.00","74.10","74.10"
"Wed Sep 04 2024 14:20:00 GMT+0530 (India Standard Time)","74.00","75.50","73.25","75.15"
"Wed Sep 04 2024 14:25:00 GMT+0530 (India Standard Time)","75.15","75.50","74.30","74.35"
"Wed Sep 04 2024 14:30:00 GMT+0530 (India Standard Time)","74.35","75.80","74.05","74.75"
"Wed Sep 04 2024 14:35:00 GMT+0530 (India Standard Time)","74.75","75.60","74.00","74.35"
"Wed Sep 04 2024 14:40:00 GMT+0530 (India Standard Time)","74.35","76.60","74.35","76.00"
"Wed Sep 04 2024 14:45:00 GMT+0530 (India Standard Time)","76.00","76.85","75.65","76.25"
"Wed Sep 04 2024 14:50:00 GMT+0530 (India Standard Time)","76.25","76.80","75.70","76.10"
"Wed Sep 04 2024 14:55:00 GMT+0530 (India Standard Time)","76.10","76.35","74.35","74.35"
"Wed Sep 04 2024 15:00:00 GMT+0530 (India Standard Time)","74.35","77.25","74.35","77.25"
"Wed Sep 04 2024 15:05:00 GMT+0530 (India Standard Time)","77.25","78.00","76.45","76.90"
"Wed Sep 04 2024 15:10:00 GMT+0530 (India Standard Time)","76.90","78.60","76.80","78.30"
"Wed Sep 04 2024 15:15:00 GMT+0530 (India Standard Time)","78.30","78.65","77.40","78.30"
"Wed Sep 04 2024 15:20:00 GMT+0530 (India Standard Time)","78.30","79.75","78.15","79.20"
"Wed Sep 04 2024 15:25:00 GMT+0530 (India Standard Time)","79.50","79.90","78.75","79.55"
"Thu Sep 05 2024 09:15:00 GMT+0530 (India Standard Time)","79.50","89.85","79.50","87.90"
"Thu Sep 05 2024 09:20:00 GMT+0530 (India Standard Time)","87.90","89.80","82.20","83.90"
"Thu Sep 05 2024 09:25:00 GMT+0530 (India Standard Time)","83.50","85.40","81.15","84.05"
"Thu Sep 05 2024 09:30:00 GMT+0530 (India Standard Time)","84.05","84.55","82.00","82.40"
"Thu Sep 05 2024 09:35:00 GMT+0530 (India Standard Time)","82.40","82.65","80.90","82.10"
"Thu Sep 05 2024 09:40:00 GMT+0530 (India Standard Time)","82.10","83.60","80.95","82.00"
"Thu Sep 05 2024 09:45:00 GMT+0530 (India Standard Time)","82.00","82.15","79.55","80.00"
"Thu Sep 05 2024 09:50:00 GMT+0530 (India Standard Time)","80.00","81.85","80.00","81.15"
"Thu Sep 05 2024 09:55:00 GMT+0530 (India Standard Time)","81.15","83.50","81.00","82.20"
"Thu Sep 05 2024 10:00:00 GMT+0530 (India Standard Time)","82.20","82.20","81.05","81.55"
"Thu Sep 05 2024 10:05:00 GMT+0530 (India Standard Time)","81.55","82.30","81.00","81.20"
"Thu Sep 05 2024 10:10:00 GMT+0530 (India Standard Time)","81.20","81.30","80.10","81.05"
"Thu Sep 05 2024 10:15:00 GMT+0530 (India Standard Time)","81.05","81.05","80.00","80.65"
"Thu Sep 05 2024 10:20:00 GMT+0530 (India Standard Time)","80.65","81.00","80.00","80.00"
"Thu Sep 05 2024 10:25:00 GMT+0530 (India Standard Time)","80.00","80.55","78.50","78.50"
"Thu Sep 05 2024 10:30:00 GMT+0530 (India Standard Time)","78.20","79.30","77.00","77.95"
"Thu Sep 05 2024 10:35:00 GMT+0530 (India Standard Time)","77.95","77.95","76.00","76.45"
"Thu Sep 05 2024 10:40:00 GMT+0530 (India Standard Time)","76.45","77.75","76.35","77.75"
"Thu Sep 05 2024 10:45:00 GMT+0530 (India Standard Time)","77.75","77.85","77.00","77.35"
"Thu Sep 05 2024 10:50:00 GMT+0530 (India Standard Time)","77.35","77.65","76.90","77.10"
"Thu Sep 05 2024 10:55:00 GMT+0530 (India Standard Time)","77.10","77.10","76.25","76.85"
"Thu Sep 05 2024 11:00:00 GMT+0530 (India Standard Time)","77.00","77.35","76.30","77.00"
"Thu Sep 05 2024 11:05:00 GMT+0530 (India Standard Time)","77.00","79.00","77.00","78.10"
"Thu Sep 05 2024 11:10:00 GMT+0530 (India Standard Time)","78.10","78.70","77.50","78.55"
"Thu Sep 05 2024 11:15:00 GMT+0530 (India Standard Time)","78.55","79.00","78.00","78.65"
"Thu Sep 05 2024 11:20:00 GMT+0530 (India Standard Time)","78.65","79.00","76.00","76.95"
"Thu Sep 05 2024 11:25:00 GMT+0530 (India Standard Time)","76.95","76.95","76.10","76.60"
"Thu Sep 05 2024 11:30:00 GMT+0530 (India Standard Time)","76.60","77.45","76.40","77.20"
"Thu Sep 05 2024 11:35:00 GMT+0530 (India Standard Time)","77.20","77.70","76.75","77.40"
"Thu Sep 05 2024 11:40:00 GMT+0530 (India Standard Time)","77.40","78.40","77.20","77.95"
"Thu Sep 05 2024 11:45:00 GMT+0530 (India Standard Time)","77.95","77.95","77.05","77.15"
"Thu Sep 05 2024 11:50:00 GMT+0530 (India Standard Time)","77.15","77.80","76.75","77.20"
"Thu Sep 05 2024 11:55:00 GMT+0530 (India Standard Time)","77.20","77.40","76.45","76.80"
"Thu Sep 05 2024 12:00:00 GMT+0530 (India Standard Time)","76.80","78.80","76.80","78.35"
"Thu Sep 05 2024 12:05:00 GMT+0530 (India Standard Time)","78.35","78.35","77.40","77.40"
"Thu Sep 05 2024 12:10:00 GMT+0530 (India Standard Time)","77.40","77.60","76.80","76.85"
"Thu Sep 05 2024 12:15:00 GMT+0530 (India Standard Time)","77.00","77.20","76.65","76.85"
"Thu Sep 05 2024 12:20:00 GMT+0530 (India Standard Time)","76.85","76.95","76.00","76.00"
"Thu Sep 05 2024 12:25:00 GMT+0530 (India Standard Time)","76.00","76.70","71.75","71.75"
"Thu Sep 05 2024 12:30:00 GMT+0530 (India Standard Time)","71.75","74.00","71.30","72.85"
"Thu Sep 05 2024 12:35:00 GMT+0530 (India Standard Time)","72.85","73.65","72.10","73.50"
"Thu Sep 05 2024 12:40:00 GMT+0530 (India Standard Time)","73.50","74.00","72.15","73.10"
"Thu Sep 05 2024 12:45:00 GMT+0530 (India Standard Time)","73.70","73.70","72.30","73.20"
"Thu Sep 05 2024 12:50:00 GMT+0530 (India Standard Time)","73.20","73.20","72.15","72.50"
"Thu Sep 05 2024 12:55:00 GMT+0530 (India Standard Time)","72.35","73.75","72.35","73.05"
"Thu Sep 05 2024 13:00:00 GMT+0530 (India Standard Time)","73.05","73.60","72.70","72.85"
"Thu Sep 05 2024 13:05:00 GMT+0530 (India Standard Time)","72.85","73.05","72.20","72.25"
"Thu Sep 05 2024 13:10:00 GMT+0530 (India Standard Time)","72.25","72.55","72.00","72.25"
"Thu Sep 05 2024 13:15:00 GMT+0530 (India Standard Time)","72.25","72.55","71.60","71.80"
"Thu Sep 05 2024 13:20:00 GMT+0530 (India Standard Time)","71.80","71.80","70.55","70.90"
"Thu Sep 05 2024 13:25:00 GMT+0530 (India Standard Time)","70.90","71.30","69.45","71.30"
"Thu Sep 05 2024 13:30:00 GMT+0530 (India Standard Time)","71.30","72.35","70.90","72.30"
"Thu Sep 05 2024 13:35:00 GMT+0530 (India Standard Time)","72.10","72.40","71.60","71.60"
"Thu Sep 05 2024 13:40:00 GMT+0530 (India Standard Time)","71.60","72.10","70.60","70.65"
"Thu Sep 05 2024 13:45:00 GMT+0530 (India Standard Time)","70.65","71.30","70.25","70.25"
"Thu Sep 05 2024 13:50:00 GMT+0530 (India Standard Time)","70.25","70.50","66.90","67.30"
"Thu Sep 05 2024 13:55:00 GMT+0530 (India Standard Time)","67.25","70.50","67.25","69.85"
"Thu Sep 05 2024 14:00:00 GMT+0530 (India Standard Time)","69.85","70.20","68.35","68.95"
"Thu Sep 05 2024 14:05:00 GMT+0530 (India Standard Time)","68.95","69.85","68.50","69.50"
"Thu Sep 05 2024 14:10:00 GMT+0530 (India Standard Time)","69.50","69.75","68.85","69.35"
"Thu Sep 05 2024 14:15:00 GMT+0530 (India Standard Time)","69.35","69.80","68.80","69.00"
"Thu Sep 05 2024 14:20:00 GMT+0530 (India Standard Time)","69.00","69.15","67.55","68.15"
"Thu Sep 05 2024 14:25:00 GMT+0530 (India Standard Time)","68.15","68.40","67.10","68.00"
"Thu Sep 05 2024 14:30:00 GMT+0530 (India Standard Time)","68.00","68.45","67.20","67.90"
"Thu Sep 05 2024 14:35:00 GMT+0530 (India Standard Time)","67.75","69.80","67.75","68.30"
"Thu Sep 05 2024 14:40:00 GMT+0530 (India Standard Time)","68.30","68.55","67.50","67.95"
"Thu Sep 05 2024 14:45:00 GMT+0530 (India Standard Time)","67.90","68.50","67.55","68.00"
"Thu Sep 05 2024 14:50:00 GMT+0530 (India Standard Time)","68.00","68.00","67.00","67.50"
"Thu Sep 05 2024 14:55:00 GMT+0530 (India Standard Time)","67.40","68.95","59.55","60.70"
"Thu Sep 05 2024 15:00:00 GMT+0530 (India Standard Time)","60.70","61.00","54.10","58.05"
"Thu Sep 05 2024 15:05:00 GMT+0530 (India Standard Time)","58.00","58.40","55.00","57.60"
"Thu Sep 05 2024 15:10:00 GMT+0530 (India Standard Time)","57.50","59.00","55.00","57.90"
"Thu Sep 05 2024 15:15:00 GMT+0530 (India Standard Time)","57.80","59.55","57.30","57.60"
"Thu Sep 05 2024 15:20:00 GMT+0530 (India Standard Time)","57.60","59.45","56.65","59.20"
"Thu Sep 05 2024 15:25:00 GMT+0530 (India Standard Time)","59.20","59.30","58.30","58.95"